match_id,season,team1,team2,winner,nrr
2008_01,2008,RCB,KKR,KKR,5.870648355158096
2008_02,2008,DD,RR,DD,-1.8206861585262795
2008_03,2008,KXIP,CSK,CSK,1.5967741935483861
2008_04,2008,MI,RCB,RCB,-0.04878048780487809
2008_05,2008,KKR,SRH,KKR,0.08502361767157485
2008_06,2008,RR,KXIP,RR,-0.3066538090646098
2008_07,2008,SRH,DD,DD,-3.353742840213311
2008_08,2008,CSK,MI,CSK,0.3580216535433074
2008_09,2008,SRH,RR,RR,-0.48165495706479433
2008_10,2008,KXIP,MI,KXIP,3.2826420890937023
2008_11,2008,CSK,KKR,CSK,-1.5233644859813094
2008_12,2008,RCB,RR,RR,-1.3534562211981571
2008_14,2008,KXIP,DD,KXIP,-0.3184390243902433
2008_13,2008,MI,SRH,SRH,-4.6859220779220765
2008_15,2008,RCB,CSK,CSK,0.6990558615263582
2008_16,2008,KKR,MI,MI,-0.4409491525423723
2008_17,2008,DD,RCB,DD,0.4182360113805732
2008_18,2008,SRH,KXIP,KXIP,-0.49852879361075964
2008_19,2008,RR,KKR,RR,1.8336130114883176
2008_20,2008,CSK,DD,DD,-0.6981436642453591
2008_21,2008,RCB,SRH,RCB,0.14754098360655732
2008_22,2008,KXIP,KKR,KXIP,0.23252459016393523
2008_23,2008,MI,DD,MI,0.8387096774193541
2008_24,2008,RR,CSK,RR,-1.4588431590656281
2008_25,2008,RCB,KXIP,KXIP,-0.2648866285229925
2008_26,2008,CSK,SRH,SRH,-0.9608294930875569
2008_27,2008,MI,RR,MI,-0.30303030303030276
2008_29,2008,DD,CSK,CSK,-0.11923809523809581
2008_28,2008,KKR,RCB,KKR,0.3828076685219548
2008_30,2008,RR,SRH,RR,-1.4909917221230318
2008_31,2008,CSK,KXIP,CSK,0.2736828932549127
2008_32,2008,SRH,KKR,KKR,1.386592741935484
2008_33,2008,RR,DD,RR,-0.2099160335865662
2008_34,2008,KXIP,RCB,KXIP,-1.9878616561356823
2008_35,2008,KKR,DD,KKR,0.234375
2008_36,2008,MI,CSK,MI,-2.7150276428212443
2008_37,2008,DD,SRH,DD,0.361180327868853
2008_38,2008,MI,KKR,MI,-6.634801288936627
2008_39,2008,DD,KXIP,KXIP,-1.5813698630136983
2008_40,2008,RR,RCB,RR,2.9710866141732275
2008_42,2008,SRH,MI,MI,0.9405241935483879
2008_41,2008,KKR,CSK,CSK,0.7390891840607203
2008_43,2008,RCB,DD,DD,-1.14854054054054
2008_44,2008,KKR,RR,RR,-1.5940212150433943
2008_45,2008,MI,KXIP,KXIP,0.12116129032257916
2008_46,2008,CSK,RCB,RCB,0.9146005509641872
2008_47,2008,KXIP,SRH,KXIP,-0.07641241024251677
2008_48,2008,DD,MI,DD,-0.63503937007874
2008_49,2008,CSK,RR,RR,0.8056206088992983
2008_50,2008,SRH,RCB,RCB,-1.1428571428571432
2008_51,2008,KKR,KXIP,KKR,-0.3208430913348952
2008_52,2008,RR,MI,RR,-0.1019872515935516
2008_53,2008,SRH,CSK,CSK,-0.16129032258064502
2008_54,2008,KXIP,RR,KXIP,1.7679285523860315
2008_55,2008,RCB,MI,MI,-1.0465473145780058
2008_56,2008,DD,RR,RR,4.145853658536585
2008_57,2008,CSK,KXIP,CSK,-1.9756742464304597
2008_58,2008,CSK,RR,RR,0.07757296466973873
2009_01,2009,CSK,MI,MI,1.0598669623059864
2009_02,2009,RCB,RR,RCB,3.0258320914058623
2009_03,2009,DD,KXIP,DD,-2.6644736842105257
2009_04,2009,SRH,KKR,SRH,-2.7075630252100833
2009_05,2009,RCB,CSK,CSK,3.223790322580644
2009_06,2009,KXIP,KKR,KKR,-0.4354330708661429
2009_07,2009,RCB,SRH,SRH,1.5049193231011415
2009_08,2009,KKR,RR,,0.21978021978022078
2009_09,2009,CSK,DD,DD,0.7319008264462799
2009_10,2009,RCB,KXIP,KXIP,-0.5275671244107407
2009_11,2009,SRH,MI,SRH,0.6939212598425204
2009_12,2009,RCB,DD,DD,-0.4047619047619051
2009_13,2009,KXIP,RR,KXIP,1.1396249999999997
2009_15,2009,CSK,SRH,SRH,-0.584889698705017
2009_14,2009,KKR,MI,MI,3.048387096774192
2009_16,2009,DD,RR,RR,-0.4417893859405382
2009_17,2009,KXIP,MI,KXIP,0.22916666666666696
2009_18,2009,RCB,KKR,RCB,-0.08351219512195218
2009_19,2009,SRH,DD,DD,-0.2804878048780486
2009_20,2009,CSK,RR,CSK,1.7000000000000002
2009_21,2009,RCB,KXIP,RCB,0.33320220298977166
2009_22,2009,KKR,MI,MI,0.48068991376077985
2009_23,2009,CSK,DD,CSK,0.633917355371902
2009_24,2009,SRH,RR,RR,-0.16102591221575935
2009_25,2009,KXIP,KKR,KXIP,0.13008130081300884
2009_26,2009,RCB,MI,RCB,-0.43075183719615584
2009_27,2009,CSK,SRH,CSK,2.019496632399858
2009_29,2009,DD,KKR,DD,-0.6690767519466085
2009_28,2009,KXIP,RR,RR,3.975302419354838
2009_30,2009,SRH,MI,SRH,0.7681951479605438
2009_31,2009,RCB,RR,RR,-1.863225806451613
2009_32,2009,CSK,KXIP,CSK,0.7780808331267046
2009_33,2009,DD,MI,DD,-0.6974358974358976
2009_34,2009,CSK,RR,CSK,-0.4078575466365173
2009_35,2009,SRH,KXIP,KXIP,-0.2474754098360652
2009_36,2009,DD,KKR,DD,-1.0873015873015879
2009_37,2009,RCB,MI,MI,0.8079478346456686
2009_38,2009,SRH,RR,SRH,2.5814049586776857
2009_39,2009,RCB,KKR,RCB,-0.14516129032258007
2009_40,2009,KXIP,MI,MI,-1.5461538461538469
2009_41,2009,SRH,DD,DD,0.3844367015098715
2009_43,2009,MI,RR,RR,0.2602235204470409
2009_42,2009,RCB,CSK,RCB,-0.04125286478227608
2009_44,2009,DD,KXIP,KXIP,-0.37988898928617587
2009_45,2009,CSK,MI,CSK,-0.32049180327868765
2009_46,2009,SRH,KKR,SRH,-0.29032258064516103
2009_47,2009,DD,RR,DD,0.832867665735332
2009_48,2009,SRH,KXIP,KXIP,-0.05453149001536062
2009_49,2009,CSK,KKR,KKR,-0.627714779934653
2009_50,2009,RCB,DD,RCB,-0.44617325483599757
2009_51,2009,KKR,RR,KKR,-0.21602787456446038
2009_52,2009,CSK,KXIP,CSK,1.2171131547381044
2009_53,2009,RCB,SRH,RCB,0.9059425423061782
2009_54,2009,DD,MI,DD,-1.4972935461485077
2009_55,2009,DD,SRH,SRH,-0.9059999999999997
2009_56,2009,RCB,CSK,RCB,-0.6519618239660652
2009_57,2009,RCB,SRH,SRH,0.016135379771743175
2010_01,2010,SRH,KKR,KKR,0.5196850393700787
2010_02,2010,MI,RR,MI,-0.12353488372093047
2010_03,2010,KXIP,DD,DD,-0.42366942148760245
2010_04,2010,CSK,SRH,SRH,0.9461925153602682
2010_05,2010,KKR,RCB,KKR,-0.10445739059747972
2010_06,2010,RR,DD,DD,-1.1946168224299063
2010_07,2010,KKR,CSK,CSK,2.636433085630946
2010_08,2010,RCB,KXIP,RCB,-1.0036505867014345
2010_09,2010,DD,MI,MI,3.3089213362892744
2010_10,2010,RCB,RR,RCB,-3.407542026351658
2010_11,2010,SRH,KXIP,SRH,0.3641782956238977
2010_12,2010,DD,CSK,CSK,-0.38829268292682784
2010_13,2010,MI,RCB,RCB,-0.7805049088359057
2010_14,2010,RR,KKR,RR,1.5504938520459595
2010_16,2010,CSK,KXIP,,0.31352459016393475
2010_15,2010,SRH,DD,SRH,0.49586776859504145
2010_17,2010,MI,KKR,MI,-0.7581780538302265
2010_18,2010,RCB,CSK,RCB,1.8456221198156673
2010_19,2010,KXIP,RR,RR,0.9818037451200938
2010_20,2010,CSK,MI,MI,-0.7423076923076941
2010_21,2010,RCB,DD,DD,0.6776692913385807
2010_22,2010,RR,SRH,RR,-2.3480802013150406
2010_23,2010,KXIP,KKR,KKR,1.5341538461538455
2010_24,2010,SRH,MI,MI,0.8545454545454545
2010_25,2010,RR,CSK,RR,0.9000399840063977
2010_26,2010,DD,KKR,DD,2.0407066052227343
2010_27,2010,MI,KXIP,MI,-0.2346964693929383
2010_28,2010,CSK,RCB,CSK,-0.5173697270471473
2010_29,2010,DD,RR,DD,2.43622373483279
2010_30,2010,KKR,SRH,KKR,1.0830476190476181
2010_31,2010,KXIP,RCB,RCB,-0.5978676872607984
2010_32,2010,CSK,RR,CSK,1.3943606557377048
2010_33,2010,MI,SRH,MI,2.560271646859084
2010_34,2010,DD,RCB,DD,1.6863535577504551
2010_35,2010,KKR,KXIP,KXIP,-1.4797525309336326
2010_36,2010,SRH,RR,RR,0.27990708478513326
2010_37,2010,CSK,MI,CSK,1.176235465116279
2010_38,2010,KKR,DD,KKR,0.5384024577572966
2010_39,2010,RR,KXIP,RR,-2.4256259204712807
2010_40,2010,RCB,SRH,SRH,-0.7308328035600749
2010_41,2010,KXIP,MI,KXIP,-0.33002291825821306
2010_42,2010,SRH,CSK,SRH,-0.16085466639790358
2010_43,2010,RCB,KKR,RCB,-1.5507637017070977
2010_45,2010,RR,MI,MI,1.4733231707317076
2010_44,2010,DD,KXIP,KXIP,-0.6611883691529714
2010_46,2010,SRH,RCB,SRH,0.6824516129032245
2010_47,2010,MI,DD,MI,1.7020327868852458
2010_48,2010,CSK,KKR,CSK,-3.357696566998893
2010_49,2010,RR,RCB,RCB,-2.0840685002594714
2010_50,2010,CSK,DD,DD,-0.5114942528735638
2010_51,2010,KXIP,SRH,SRH,-0.4020983606557387
2010_52,2010,RCB,MI,MI,2.5050741608118647
2010_53,2010,KKR,RR,KKR,-1.1276223776223784
2010_54,2010,DD,SRH,SRH,0.6534972787744406
2010_55,2010,KXIP,CSK,CSK,-0.14634146341463428
2010_56,2010,KKR,MI,KKR,-0.7563136907399199
2010_57,2010,RCB,MI,MI,1.7085383858267704
2010_58,2010,CSK,SRH,CSK,1.6386936750723438
2010_59,2010,RCB,SRH,RCB,-1.8270676691729326
2010_60,2010,CSK,MI,CSK,1.121032258064516
2011_01,2011,CSK,KKR,CSK,0.2209232009675457
2011_02,2011,SRH,RR,RR,-0.49971501852379596
2011_03,2011,KTK,RCB,RCB,-0.2427352705945074
2011_04,2011,PW,KXIP,PW,-2.89229268292683
2011_05,2011,DD,MI,MI,-0.31818181818181746
2011_06,2011,KKR,SRH,KKR,0.49960660896931586
2011_07,2011,RCB,MI,MI,-0.8187268055952055
2011_08,2011,RR,DD,RR,-0.6935483870967749
2011_10,2011,PW,KTK,PW,-0.14634146341463428
2011_09,2011,KXIP,CSK,KXIP,-0.7368569813453938
2011_11,2011,SRH,RCB,SRH,1.5839999999999996
2011_12,2011,RR,KKR,KKR,-0.9679276315789469
2011_13,2011,MI,KTK,KTK,-0.45730027548209407
2011_14,2011,SRH,KXIP,KXIP,-0.6994051936747425
2011_15,2011,CSK,RCB,CSK,1.298380165289255
2011_16,2011,KKR,RR,KKR,-0.6678370786516847
2011_17,2011,PW,DD,DD,-0.5167256985438797
2011_18,2011,KTK,CSK,KTK,-1.2466555183946486
2011_19,2011,DD,SRH,SRH,0.7868852459016393
2011_20,2011,KKR,KTK,KTK,0.24230307876849277
2011_21,2011,MI,PW,MI,0.34665251345818415
2011_22,2011,KXIP,RR,KXIP,1.8513688016528933
2011_23,2011,KKR,RCB,RCB,-1.338547026137066
2011_24,2011,MI,CSK,MI,0.43168604651162834
2011_25,2011,DD,KXIP,DD,1.1463414634146343
2011_26,2011,RR,KTK,RR,-2.42711287577992
2011_27,2011,SRH,MI,MI,1.8736505397840864
2011_28,2011,CSK,PW,CSK,1.2195121951219514
2011_29,2011,DD,RCB,RCB,-0.47617232176896707
2011_30,2011,KTK,SRH,SRH,1.8813203883495149
2011_31,2011,PW,CSK,CSK,-0.2505900865460271
2011_32,2011,DD,KKR,KKR,0.7089093701996934
2011_33,2011,RCB,PW,RCB,1.5352066115702465
2011_34,2011,RR,MI,RR,-0.6334310850439895
2011_35,2011,KKR,KXIP,KKR,-0.8474400710269308
2011_36,2011,KTK,DD,DD,1.272842105263158
2011_38,2011,RR,PW,RR,-0.227717316434771
2011_37,2011,CSK,SRH,CSK,0.8619197482297398
2011_39,2011,DD,KTK,KTK,-1.656237623762376
2011_40,2011,MI,KXIP,MI,1.1404958677685952
2011_41,2011,SRH,KKR,KKR,0.7793263646922179
2011_42,2011,CSK,RR,CSK,-0.4773883550028266
2011_43,2011,PW,MI,MI,1.016129032258064
2011_44,2011,KTK,KKR,KTK,0.6519344262295084
2011_45,2011,SRH,DD,DD,-0.4032786885245905
2011_46,2011,RCB,KXIP,RCB,4.405289256198345
2011_48,2011,KKR,CSK,KKR,-0.24854819976771214
2011_47,2011,MI,DD,MI,1.6605222734254994
2011_49,2011,KXIP,PW,PW,-0.6555045871559626
2011_50,2011,RCB,KTK,RCB,-3.551900170164494
2011_51,2011,RR,CSK,CSK,2.812958677685952
2011_52,2011,SRH,PW,PW,-0.5305346302932792
2011_53,2011,KXIP,MI,KXIP,1.5067750677506773
2011_54,2011,RR,RCB,RCB,-1.7035384615384617
2011_55,2011,CSK,DD,CSK,1.0105764145954534
2011_56,2011,KTK,KXIP,KXIP,-0.9243200630666131
2011_57,2011,RCB,KKR,RCB,-1.2996835443037984
2011_58,2011,MI,SRH,SRH,0.8348398760330573
2011_59,2011,KTK,RR,KTK,-7.099557522123893
2011_60,2011,KXIP,DD,KXIP,1.208915417830836
2011_61,2011,PW,SRH,SRH,-0.15445061644763491
2011_62,2011,KXIP,RCB,KXIP,4.198562443845463
2011_63,2011,CSK,KTK,CSK,0.8139925132309287
2011_64,2011,PW,KKR,KKR,-1.2223614155966178
2011_65,2011,MI,RR,RR,-3.384942319368548
2011_66,2011,KXIP,SRH,SRH,3.6585365853658534
2011_67,2011,DD,PW,,0.0
2011_68,2011,RCB,CSK,RCB,-0.5771756978653535
2011_69,2011,KKR,MI,MI,0.1303669008587054
2011_70,2011,RCB,CSK,CSK,-0.16451612903225765
2011_71,2011,MI,KKR,MI,-0.47684036393713836
2011_72,2011,RCB,MI,RCB,1.6210446054136476
2011_73,2011,CSK,RCB,CSK,2.8524590163934427
2012_01,2012,CSK,MI,MI,-1.301282051282052
2012_02,2012,KKR,DD,DD,-0.9586645468998398
2012_03,2012,RR,KXIP,RR,1.1547695882277003
2012_04,2012,MI,PW,PW,1.4055861526357205
2012_05,2012,SRH,CSK,CSK,2.382261179616699
2012_06,2012,RCB,DD,RCB,0.9836065573770494
2012_07,2012,PW,KXIP,PW,1.0645161290322571
2012_08,2012,RR,KKR,RR,1.1839999999999993
2012_09,2012,SRH,MI,MI,-0.36829268292682915
2012_10,2012,RCB,KKR,KKR,2.3037304763134125
2012_11,2012,DD,CSK,DD,-3.0024193548387093
2012_12,2012,MI,RR,MI,1.4202479338842977
2012_13,2012,KXIP,PW,KXIP,-0.7677184081179629
2012_14,2012,CSK,RCB,CSK,-0.6029776674937963
2012_15,2012,KKR,RR,KKR,-0.5053884297520659
2012_16,2012,PW,CSK,PW,-0.36554621848739544
2012_17,2012,RCB,RR,RR,2.8694214876033053
2012_18,2012,KKR,KXIP,KXIP,0.1528248204850282
2012_19,2012,MI,DD,DD,-1.2736842105263158
2012_20,2012,RCB,PW,RCB,-0.12195121951219434
2012_21,2012,RR,SRH,RR,-0.12425806451612686
2012_22,2012,KXIP,KKR,KKR,-1.5216393442622937
2012_23,2012,DD,SRH,DD,-0.6918767507002812
2012_24,2012,CSK,PW,CSK,0.8257797920554522
2012_25,2012,KXIP,RCB,RCB,-0.016780487804878952
2012_26,2012,DD,PW,PW,0.4025220680958377
2012_27,2012,CSK,RR,CSK,-0.16730497883491147
2012_29,2012,SRH,KKR,KKR,-0.04958677685950441
2012_28,2012,MI,KXIP,KXIP,-0.3082314049586765
2012_30,2012,RR,RCB,RCB,2.152645161290324
2012_31,2012,PW,DD,DD,-1.7612244897959188
2012_32,2012,KXIP,MI,MI,-0.34146341463414664
2012_33,2012,PW,SRH,SRH,1.1334894613583142
2012_34,2012,DD,MI,DD,1.7101935483870978
2012_35,2012,KKR,RCB,KKR,2.217938630999213
2012_36,2012,CSK,KXIP,KXIP,0.21970731707317093
2012_38,2012,DD,RR,DD,0.10818253343823869
2012_37,2012,MI,SRH,MI,0.037904124860646426
2012_39,2012,CSK,KKR,KKR,0.1663145765315921
2012_40,2012,SRH,PW,SRH,0.9191404958677669
2012_41,2012,RR,DD,DD,-2.412273800157357
2012_42,2012,RCB,KXIP,KXIP,-0.5048387096774203
2012_43,2012,PW,MI,MI,0.18699186991869876
2012_44,2012,CSK,SRH,CSK,0.42782886845261814
2012_45,2012,KKR,PW,KKR,0.16722037652270227
2012_46,2012,KXIP,RR,RR,2.2338074676149358
2012_48,2012,MI,CSK,MI,-0.18380487804878065
2012_47,2012,RCB,SRH,RCB,-0.6579111944965597
2012_49,2012,DD,KKR,KKR,-0.30129124820660014
2012_50,2012,PW,RR,RR,-1.6167247386759582
2012_51,2012,SRH,KXIP,KXIP,1.2195121951219514
2012_52,2012,MI,RCB,RCB,-0.7412494461674779
2012_53,2012,SRH,DD,DD,-1.8618881118881134
2012_54,2012,RR,CSK,CSK,-0.5128205128205128
2012_55,2012,PW,RCB,RCB,1.4610247933884306
2012_57,2012,CSK,DD,CSK,-1.9473548387096766
2012_56,2012,KKR,MI,MI,1.2550979608156743
2012_58,2012,RR,PW,RR,2.2131147540983616
2012_59,2012,KXIP,SRH,KXIP,-0.2726909236305488
2012_60,2012,KKR,CSK,CSK,-0.09917355371900793
2012_61,2012,RCB,MI,MI,-0.4719389312977098
2012_62,2012,DD,KXIP,DD,-0.5605461731943944
2012_63,2012,MI,KKR,KKR,1.0240384615384617
2012_64,2012,DD,RCB,RCB,1.016129032258064
2012_65,2012,KXIP,CSK,KXIP,-1.3565174699288116
2012_66,2012,SRH,RR,SRH,-0.35700731905665517
2012_67,2012,KXIP,DD,DD,-0.8210662637599837
2012_68,2012,PW,KKR,KKR,1.7530407191961928
2012_69,2012,SRH,RCB,SRH,0.38709677419354804
2012_70,2012,RR,MI,MI,-0.9244992295839758
2012_71,2012,DD,KKR,KKR,0.9994711792702278
2012_72,2012,CSK,MI,CSK,2.0267131242740994
2012_73,2012,DD,CSK,CSK,3.1311550851357586
2012_74,2012,KKR,CSK,KKR,-0.09677419354838612
2013_01,2013,KKR,DD,KKR,-0.536886395511921
2013_02,2013,RCB,MI,RCB,-0.08577049180327911
2013_03,2013,SRH,PW,SRH,0.7706343549536712
2013_04,2013,DD,RR,RR,0.49570647931303746
2013_05,2013,CSK,MI,MI,0.4285714285714288
2013_06,2013,PW,KXIP,KXIP,-2.883116883116883
2013_07,2013,SRH,RCB,,0.10146341463414643
2013_08,2013,RR,KKR,RR,0.8319672131147549
2013_10,2013,MI,DD,MI,2.129032258064515
2013_09,2013,RCB,SRH,RCB,-1.108363636363637
2013_11,2013,KXIP,CSK,CSK,-1.0249493216903165
2013_12,2013,PW,RR,PW,-0.582001682085787
2013_13,2013,RCB,KKR,RCB,-0.8035943517329915
2013_14,2013,DD,SRH,SRH,-0.37545762711864317
2013_15,2013,MI,PW,MI,2.0558615263572007
2013_16,2013,CSK,RCB,CSK,-0.10948631421072452
2013_17,2013,RR,KXIP,RR,0.06085192697768793
2013_18,2013,KKR,SRH,KKR,2.2706530291109353
2013_19,2013,CSK,PW,PW,1.1803278688524594
2013_20,2013,RCB,DD,,-0.12057112638815504
2013_21,2013,KXIP,KKR,KXIP,0.31453658536585305
2013_22,2013,RR,MI,RR,3.50566924778761
2013_23,2013,PW,SRH,SRH,0.027789473684211252
2013_24,2013,DD,CSK,CSK,3.543192660550459
2013_25,2013,SRH,KXIP,SRH,-0.6350301984469366
2013_26,2013,RCB,RR,RCB,-0.5245316681534353
2013_27,2013,KKR,CSK,CSK,-0.5129666571672855
2013_29,2013,KXIP,PW,KXIP,-0.34838709677419466
2013_28,2013,DD,MI,DD,-1.4215898546241865
2013_30,2013,CSK,RR,CSK,-0.48298301555280787
2013_31,2013,RCB,PW,RCB,5.840320121951219
2013_32,2013,DD,KXIP,KXIP,-1.1948851527350222
2013_33,2013,KKR,MI,MI,-0.34839509574321603
2013_34,2013,CSK,SRH,CSK,-0.04878048780487809
2013_35,2013,KKR,KXIP,KKR,-0.5146017699115051
2013_37,2013,MI,RCB,MI,2.882769472856019
2013_36,2013,RR,SRH,RR,-1.4134366925064592
2013_39,2013,DD,PW,DD,0.4192073170731705
2013_38,2013,CSK,KKR,CSK,1.048663998967342
2013_40,2013,MI,KXIP,MI,0.2567619047619054
2013_41,2013,RR,RCB,RR,-0.370512396694215
2013_42,2013,PW,CSK,CSK,1.9870701146360972
2013_43,2013,DD,KKR,DD,-1.0831111111111102
2013_44,2013,SRH,MI,SRH,-0.835027027027027
2013_45,2013,CSK,KXIP,CSK,0.5975409836065566
2013_46,2013,PW,RCB,RCB,0.8961447678992922
2013_47,2013,KKR,RR,KKR,-1.1031746031746037
2013_48,2013,SRH,DD,SRH,-1.5485986881335716
2013_50,2013,MI,CSK,MI,1.788306451612903
2013_49,2013,RR,PW,RR,-0.5413708532335111
2013_51,2013,KXIP,RCB,KXIP,-1.1808849557522123
2013_52,2013,MI,KKR,MI,2.3679653679653674
2013_53,2013,RR,DD,RR,-0.9115714285714285
2013_54,2013,SRH,CSK,CSK,3.388608870967742
2013_55,2013,KXIP,RR,RR,-0.4652908067542212
2013_56,2013,PW,KKR,KKR,2.054838709677419
2013_57,2013,DD,RCB,RCB,0.2628387096774176
2013_59,2013,KXIP,SRH,SRH,1.5363771846633236
2013_58,2013,PW,MI,MI,-0.4462809917355379
2013_60,2013,KKR,RCB,KKR,-0.09752066115702451
2013_61,2013,RR,CSK,RR,-1.4296435272045036
2013_62,2013,MI,SRH,MI,-0.5729898516783773
2013_63,2013,CSK,DD,CSK,1.596774193548387
2013_64,2013,RCB,KXIP,KXIP,-1.0594184576485457
2013_65,2013,KKR,PW,PW,0.47853255392058003
2013_66,2013,MI,RR,MI,0.6774193548387091
2013_67,2013,KXIP,DD,KXIP,0.2092320096754694
2013_68,2013,SRH,RR,SRH,0.9773393761663556
2013_69,2013,KXIP,MI,KXIP,2.0921268452706387
2013_70,2013,RCB,CSK,RCB,2.879999999999999
2013_71,2013,PW,DD,PW,2.0595352410217025
2013_72,2013,SRH,KKR,SRH,-0.4277673545966225
2013_73,2013,CSK,MI,CSK,2.0210526315789474
2013_74,2013,RR,SRH,RR,-0.4773100054674684
2013_75,2013,MI,RR,MI,-0.32390243902438964
2013_76,2013,CSK,MI,MI,1.31400038409833
2014_01,2014,MI,KKR,KKR,1.8375099973340445
2014_02,2014,DD,RCB,RCB,-1.5183150183150182
2014_03,2014,SRH,RR,RR,-0.4227226890756306
2014_04,2014,CSK,KXIP,KXIP,-0.8652012711864394
2014_05,2014,RCB,MI,RCB,-1.001521606816798
2014_06,2014,KKR,DD,DD,-0.6290697674418597
2014_07,2014,RR,KXIP,KXIP,-0.6656854499579499
2014_08,2014,CSK,DD,CSK,3.384146341463415
2014_09,2014,KXIP,SRH,KXIP,3.338709677419354
2014_10,2014,RR,CSK,CSK,0.01913190603240711
2014_11,2014,RCB,KKR,KKR,0.038552321007080614
2014_12,2014,SRH,DD,SRH,0.26869252299080415
2014_13,2014,CSK,MI,CSK,-0.23205128205128212
2014_15,2014,KKR,KXIP,KXIP,0.8048467569493942
2014_14,2014,RR,RCB,RR,-0.7096153846153843
2014_16,2014,SRH,CSK,CSK,-0.4140087554721701
2014_17,2014,DD,MI,DD,-0.5831918505942282
2014_18,2014,KXIP,RCB,KXIP,-0.2546010139593031
2014_19,2014,KKR,RR,,0.2335317841367397
2014_20,2014,MI,SRH,SRH,0.779809523809524
2014_21,2014,CSK,KKR,CSK,1.9805825242718447
2014_22,2014,DD,RR,RR,-0.6733362331448465
2014_23,2014,MI,KXIP,MI,-0.5800677966101695
2014_24,2014,RCB,SRH,RCB,-0.3844824275014407
2014_25,2014,DD,CSK,CSK,-0.43709677419354875
2014_26,2014,RR,KKR,RR,0.5458064516129015
2014_27,2014,MI,RCB,MI,0.636592741935484
2014_28,2014,DD,KKR,KKR,-0.8338502436863093
2014_29,2014,KXIP,CSK,KXIP,1.9660487804878066
2014_30,2014,RR,SRH,SRH,1.6546800634584882
2014_31,2014,RCB,KXIP,KXIP,1.0364442255602082
2014_32,2014,DD,SRH,SRH,-1.7090909090909099
2014_33,2014,MI,CSK,CSK,-0.2720782654680072
2014_34,2014,RCB,RR,RR,-0.5918644067796599
2014_35,2014,KXIP,KKR,KKR,-0.780239255649092
2014_36,2014,SRH,MI,MI,-0.7510518934081345
2014_37,2014,RCB,DD,RCB,0.7021935483870987
2014_38,2014,CSK,RR,CSK,-0.04878048780487809
2014_39,2014,SRH,KXIP,KXIP,-1.668656102078618
2014_40,2014,KKR,MI,KKR,-0.5768275862068961
2014_41,2014,RR,DD,RR,3.028952380952381
2014_42,2014,CSK,RCB,RCB,-0.2518992403038789
2014_43,2014,SRH,KKR,KKR,-0.6618240516545599
2014_45,2014,RR,MI,MI,1.4545803725753803
2014_44,2014,DD,KXIP,KXIP,0.261065266316578
2014_46,2014,SRH,RCB,SRH,-0.17859302559967727
2014_47,2014,KKR,CSK,KKR,-1.0749608413515332
2014_48,2014,KXIP,MI,MI,-0.3402439024390249
2014_49,2014,KKR,RCB,KKR,1.2452459016393451
2014_50,2014,CSK,SRH,SRH,-0.19834710743801587
2014_51,2014,MI,DD,MI,0.9426829268292689
2014_52,2014,KXIP,RR,KXIP,0.7100708103855222
2014_53,2014,KKR,SRH,KKR,-2.9913978494623654
2014_54,2014,RCB,CSK,CSK,-1.5203497135966249
2014_55,2014,MI,RR,MI,-3.4978791092258756
2014_56,2014,KXIP,DD,KXIP,-1.8062556938961443
2014_57,2014,KXIP,KKR,KKR,1.31187524990004
2014_58,2014,CSK,MI,CSK,-0.29915254237288025
2014_59,2014,CSK,KXIP,KXIP,1.0428779069767433
2014_60,2014,KKR,KXIP,KKR,0.03078768492603068
2015_01,2015,KKR,MI,KKR,-0.764253590599159
2015_02,2015,CSK,DD,CSK,0.16507317073170746
2015_03,2015,KXIP,RR,RR,1.1685531496063
2015_04,2015,KKR,RCB,RCB,-0.7049840933191938
2015_05,2015,CSK,SRH,CSK,1.861391129032259
2015_06,2015,DD,RR,RR,-0.2350866141732304
2015_07,2015,MI,KXIP,KXIP,1.0021463414634146
2015_08,2015,RCB,SRH,SRH,-1.3925353925353914
2015_09,2015,RR,MI,RR,-0.18709632613376037
2015_10,2015,KXIP,DD,DD,-0.12710911136107939
2015_11,2015,SRH,RR,RR,-0.242709677419354
2015_12,2015,MI,CSK,CSK,-1.3613775065387976
2015_13,2015,KXIP,KKR,KKR,-1.2723577235772368
2015_14,2015,SRH,DD,DD,-0.13026367571822028
2015_16,2015,RR,CSK,RR,-0.8767303889255107
2015_15,2015,RCB,MI,MI,1.2446361940298498
2015_17,2015,DD,KKR,KKR,-0.9226190476190466
2015_18,2015,RR,KXIP,,-0.37583628492719434
2015_19,2015,RCB,CSK,CSK,1.1929046563192918
2015_20,2015,SRH,KKR,SRH,0.46654851572884404
2015_21,2015,DD,MI,DD,1.8045029527559056
2015_22,2015,RR,RCB,RCB,-1.9471963791802853
2015_23,2015,CSK,KXIP,CSK,4.470725995316158
2015_24,2015,MI,SRH,MI,0.6193987521270561
2015_25,2015,DD,RCB,RCB,-4.224668435013262
2015_26,2015,KXIP,SRH,SRH,1.2599999999999998
2015_27,2015,CSK,KKR,CSK,-0.10831572882658058
2015_28,2015,RCB,RR,,0.0
2015_29,2015,KKR,CSK,KKR,-0.06266525647805388
2015_31,2015,MI,RR,MI,0.5853750000000009
2015_30,2015,DD,KXIP,DD,-2.2663743491367505
2015_32,2015,SRH,CSK,SRH,1.064516129032258
2015_33,2015,RCB,KKR,RCB,-0.8828784119106707
2015_34,2015,KXIP,MI,MI,1.190723710515793
2015_35,2015,RR,DD,RR,1.1298941147500603
2015_36,2015,CSK,RCB,CSK,0.8518991596638656
2015_37,2015,KKR,SRH,KKR,1.8938949613436424
2015_38,2015,MI,DD,MI,0.07377544849828599
2015_39,2015,RCB,KXIP,RCB,4.308035714285714
2015_40,2015,RR,SRH,SRH,-0.048406139315229524
2015_41,2015,KKR,DD,KKR,0.6239999999999997
2015_42,2015,CSK,MI,MI,-0.3833543505674646
2015_43,2015,KKR,KXIP,KKR,-0.04878048780487809
2015_44,2015,DD,SRH,SRH,0.16609554525297376
2015_46,2015,CSK,RR,CSK,0.6424075531077893
2015_45,2015,MI,RCB,RCB,1.719024390243904
2015_47,2015,SRH,KXIP,SRH,0.24193548387096797
2015_48,2015,DD,CSK,DD,-1.2499999999999991
2015_49,2015,KXIP,RCB,KXIP,2.095238095238095
2015_50,2015,MI,KKR,MI,0.1109686870536537
2015_51,2015,SRH,RCB,RCB,-2.2619047619047628
2015_52,2015,RR,KKR,RR,1.044537313432837
2015_53,2015,KXIP,CSK,CSK,-1.2434422457432115
2015_54,2015,RCB,DD,,7.40766550522648
2015_55,2015,SRH,MI,MI,-2.3049853372434024
2015_56,2015,CSK,MI,MI,0.5296071917138931
2015_57,2015,RCB,RR,RCB,3.050256410256411
2015_58,2015,CSK,RCB,CSK,-0.2132459016393442
2015_59,2015,MI,CSK,MI,2.2885289256198336
2016_01,2016,MI,RPS,RPS,-2.4554865424430643
2016_02,2016,KKR,DD,KKR,-1.254545454545454
2016_03,2016,KXIP,GL,GL,-1.1271086120153884
2016_04,2016,RCB,SRH,RCB,2.16
2016_05,2016,KKR,MI,MI,-0.6443459273473167
2016_06,2016,GL,RPS,GL,-0.5579646017699122
2016_07,2016,DD,KXIP,DD,-2.6567944250871074
2016_08,2016,SRH,KKR,KKR,-0.8013913043478249
2016_09,2016,MI,GL,GL,-0.3569977139954279
2016_10,2016,KXIP,RPS,KXIP,-0.6379974326059044
2016_11,2016,RCB,DD,DD,0.028451429345617285
2016_12,2016,SRH,MI,SRH,-1.2936507936507935
2016_13,2016,KXIP,KKR,KKR,-1.3571320754716973
2016_14,2016,MI,RCB,MI,-1.148005148005149
2016_15,2016,GL,SRH,SRH,-2.1593149974052936
2016_16,2016,RPS,RCB,RCB,0.4813988095238102
2016_17,2016,SRH,KXIP,SRH,-0.8458188153310102
2016_18,2016,DD,MI,DD,0.054136484940906726
2016_19,2016,RPS,KKR,KKR,0.1612903225806459
2016_20,2016,GL,RCB,GL,0.0460074034902167
2016_21,2016,KXIP,MI,MI,1.14516129032258
2016_22,2016,SRH,RPS,RPS,-1.9699298362846651
2016_23,2016,DD,GL,GL,0.04958677685950441
2016_24,2016,MI,KKR,MI,-0.7513274336283207
2016_25,2016,RPS,GL,GL,0.1001574803149623
2016_26,2016,SRH,RCB,SRH,0.5838180856689572
2016_27,2016,DD,KKR,DD,0.919324577861163
2016_28,2016,GL,KXIP,KXIP,1.1835265893642548
2016_29,2016,RPS,MI,MI,-1.0368615427496346
2016_30,2016,RCB,KKR,KKR,-0.19354838709677402
2016_31,2016,GL,DD,DD,-1.222273354809018
2016_32,2016,KKR,KXIP,KKR,0.403225806451613
2016_33,2016,DD,RPS,RPS,-0.5778616515910722
2016_34,2016,SRH,GL,SRH,-0.5673846153846149
2016_35,2016,RCB,RPS,RCB,-0.82001614205004
2016_36,2016,KXIP,DD,KXIP,0.370251899240305
2016_37,2016,KKR,GL,GL,-1.3202058626090842
2016_38,2016,MI,SRH,SRH,3.274923040492542
2016_39,2016,KXIP,RCB,RCB,-0.08963511369645794
2016_40,2016,RPS,SRH,SRH,0.08788550695424302
2016_41,2016,RCB,MI,MI,-0.09836065573770547
2016_42,2016,SRH,DD,DD,-1.0277142857142847
2016_43,2016,MI,KXIP,KXIP,-1.090318589545313
2016_45,2016,RCB,GL,RCB,6.996721311475411
2016_44,2016,KKR,RPS,KKR,-5.924836601307189
2016_46,2016,KXIP,SRH,SRH,0.16951219512194982
2016_47,2016,MI,DD,MI,3.697634653747505
2016_48,2016,KKR,RCB,RCB,-1.005473684210525
2016_49,2016,RPS,DD,RPS,-0.4717155391364569
2016_50,2016,RCB,KXIP,RCB,4.961658751303139
2016_51,2016,GL,KKR,GL,-2.4749662921348303
2016_52,2016,DD,SRH,DD,0.1680440771349856
2016_53,2016,GL,MI,GL,-1.0953513513513506
2016_54,2016,RPS,KXIP,RPS,0.21701555598233213
2016_55,2016,DD,RCB,RCB,-0.8895135135135126
2016_56,2016,KKR,SRH,KKR,1.1317859952793086
2016_57,2016,GL,RCB,RCB,-0.7116521739130421
2016_58,2016,SRH,KKR,SRH,0.8387096774193541
2016_59,2016,GL,SRH,SRH,-0.5829743589743588
2016_60,2016,RCB,SRH,SRH,0.22734254992319514
2017_01,2017,SRH,RCB,SRH,1.5457560975609752
2017_02,2017,RPS,MI,RPS,-0.3647213114754102
2017_03,2017,GL,KKR,KKR,-2.5
2017_04,2017,RCB,DD,RCB,0.7258064516129039
2017_05,2017,KXIP,RPS,KXIP,-0.2415737704918035
2017_06,2017,MI,KKR,MI,-0.22767857142857117
2017_07,2017,SRH,GL,SRH,-2.0
2017_08,2017,KXIP,RCB,KXIP,-2.8928473554398453
2017_09,2017,RPS,DD,DD,3.4241584158415836
2017_10,2017,MI,SRH,MI,-0.9186683522966721
2017_11,2017,KKR,KXIP,KKR,-2.019230769230771
2017_12,2017,RCB,MI,MI,-0.43995662781241673
2017_13,2017,GL,RPS,GL,-0.9400921658986174
2017_15,2017,KKR,SRH,KKR,0.6904761904761898
2017_14,2017,DD,KXIP,DD,2.0885013340274616
2017_16,2017,MI,GL,MI,-0.11504761904761907
2017_17,2017,RCB,RPS,RPS,1.182795698924732
2017_18,2017,DD,KKR,KKR,0.018392642942822945
2017_19,2017,SRH,KXIP,SRH,0.1803870967741945
2017_20,2017,GL,RCB,RCB,1.2473867595818824
2017_21,2017,SRH,DD,SRH,0.6613354658136732
2017_22,2017,KXIP,MI,MI,-2.8293427607263393
2017_23,2017,KKR,GL,GL,-0.8894348894348898
2017_24,2017,MI,DD,MI,0.5646614173228341
2017_25,2017,RPS,SRH,RPS,-0.3599040255931758
2017_26,2017,GL,KXIP,KXIP,1.483604372167422
2017_27,2017,KKR,RCB,KKR,1.7539322847240735
2017_28,2017,MI,RPS,RPS,0.21031587365054083
2017_29,2017,RPS,KKR,KKR,-0.9482105263157887
2017_30,2017,RCB,GL,GL,-2.5645382296519594
2017_31,2017,KKR,DD,KKR,-1.8887232985593636
2017_32,2017,KXIP,SRH,SRH,1.2051212572822134
2017_33,2017,RPS,RCB,RPS,2.9372251099560174
2017_34,2017,GL,MI,,-0.4704977897366893
2017_35,2017,KXIP,DD,KXIP,-4.604308390022676
2017_36,2017,SRH,KKR,SRH,2.113967213114754
2017_37,2017,MI,RCB,MI,-0.08156737305077932
2017_38,2017,RPS,GL,RPS,-0.16287038903446938
2017_39,2017,DD,SRH,DD,-0.6679174484052535
2017_40,2017,KKR,RPS,RPS,-0.2838983050847457
2017_41,2017,DD,GL,DD,-1.6082111436950157
2017_42,2017,RCB,KXIP,KXIP,0.6291432145090683
2017_43,2017,SRH,RPS,RPS,0.47276573241671027
2017_44,2017,DD,MI,MI,5.166415662650603
2017_46,2017,RCB,KKR,KKR,-2.378444366934077
2017_45,2017,KXIP,GL,GL,-0.3011489619028431
2017_47,2017,SRH,MI,SRH,-0.9285714285714279
2017_48,2017,KXIP,KKR,KXIP,0.42779078844652574
2017_49,2017,GL,DD,DD,-0.4972892382759557
2017_50,2017,MI,KXIP,KXIP,0.078626799557032
2017_51,2017,DD,RPS,DD,0.40103225806451537
2017_52,2017,KKR,MI,MI,0.4319999999999995
2017_53,2017,GL,SRH,SRH,-0.7876733436055483
2017_54,2017,DD,RCB,RCB,0.18006970440170367
2017_55,2017,RPS,KXIP,RPS,-1.9415711490075482
2017_56,2017,MI,RPS,RPS,1.0673385826771664
2017_57,2017,SRH,KKR,KKR,-1.933489461358314
2017_58,2017,MI,KKR,MI,-1.784198560060629
2017_59,2017,MI,RPS,MI,-0.05190243902439029
2018_01,2018,MI,CSK,CSK,-0.06266525647805388
2018_02,2018,DD,KXIP,KXIP,-0.7572156196943975
2018_03,2018,RCB,KKR,KKR,0.09312638580931143
2018_04,2018,RR,SRH,SRH,-1.6199999999999992
2018_05,2018,KKR,CSK,CSK,-0.14634146341463428
2018_06,2018,RR,DD,RR,-1.307711381105877
2018_07,2018,MI,SRH,SRH,-0.3747000799786724
2018_08,2018,KXIP,RCB,RCB,-0.26961971229169457
2018_09,2018,KKR,SRH,SRH,-0.2766960442713682
2018_10,2018,MI,DD,DD,-0.35742148760330394
2018_11,2018,RR,RCB,RR,0.5133384146341466
2018_12,2018,KXIP,CSK,KXIP,0.7918508552758023
2018_13,2018,KKR,DD,KKR,1.3305710682759866
2018_14,2018,MI,RCB,MI,1.9823469646939298
2018_15,2018,RR,KKR,KKR,-0.7624123422159892
2018_16,2018,KXIP,SRH,KXIP,1.1992495309568483
2018_17,2018,CSK,RR,CSK,2.655462184873948
2018_18,2018,KKR,KXIP,KXIP,-2.0033967391304355
2018_19,2018,DD,RCB,RCB,-1.0257086354647331
2018_20,2018,MI,RR,RR,-0.04838709677419395
2018_21,2018,CSK,SRH,CSK,0.05235325224748699
2018_22,2018,KXIP,DD,KXIP,0.35242570485140945
2018_23,2018,SRH,MI,SRH,1.5245009074410172
2018_24,2018,RCB,CSK,CSK,0.13982727965455943
2018_25,2018,SRH,KXIP,SRH,0.28385197645079874
2018_26,2018,DD,KKR,DD,2.6829268292682933
2018_27,2018,CSK,MI,MI,-0.11526357199055859
2018_28,2018,RCB,KKR,KKR,-0.1879957694341634
2018_29,2018,SRH,RR,SRH,0.5499999999999998
2018_30,2018,CSK,DD,CSK,0.7811059907834093
2018_31,2018,RCB,MI,RCB,1.084803001876173
2018_32,2018,DD,RR,DD,-0.891009174311927
2018_33,2018,CSK,KKR,KKR,-0.9233757824303908
2018_34,2018,KXIP,MI,MI,-0.7514482758620691
2018_35,2018,RCB,CSK,CSK,-0.5596221959858321
2018_36,2018,DD,SRH,SRH,0.08090957165520951
2018_37,2018,RR,KXIP,KXIP,-0.549766439094503
2018_38,2018,MI,KKR,MI,0.3574214876033075
2018_39,2018,SRH,RCB,SRH,0.07433217189314778
2018_40,2018,RR,KXIP,RR,0.7377049180327866
2018_41,2018,MI,KKR,MI,4.135045871559633
2018_42,2018,DD,SRH,SRH,-0.7799043062200965
2018_43,2018,CSK,RR,RR,-0.7157908018421537
2018_45,2018,KKR,KXIP,KKR,1.56952380952381
2018_44,2018,DD,RCB,RCB,-0.8095238095238102
2018_46,2018,SRH,CSK,CSK,-1.1297658862876254
2018_47,2018,MI,RR,RR,-1.2237064116985374
2018_48,2018,KXIP,RCB,RCB,-5.206508135168962
2018_49,2018,RR,KKR,KKR,-0.5729557239728758
2018_50,2018,MI,KXIP,MI,0.07314285714285695
2018_51,2018,RCB,SRH,RCB,0.7700919632147141
2018_52,2018,DD,CSK,DD,1.314285714285714
2018_53,2018,RR,RCB,RR,1.0636889991728697
2018_54,2018,SRH,KKR,KKR,-0.24854819976771303
2018_55,2018,DD,MI,DD,0.3356065573770497
2018_56,2018,KXIP,CSK,CSK,-0.35287175452399744
2018_57,2018,SRH,CSK,CSK,-0.6535277887268425
2018_58,2018,KKR,RR,KKR,0.9071231798504531
2018_59,2018,SRH,KKR,SRH,0.48547054118901567
2018_60,2018,SRH,CSK,CSK,-1.116866970576048
2019_01,2019,RCB,CSK,CSK,0.1657342657342653
2019_02,2019,DC,MI,DC,1.6507139079851925
2019_03,2019,SRH,KKR,KKR,-0.24511187260632816
2019_04,2019,KXIP,RR,KXIP,0.39919354838709786
2019_05,2019,DC,CSK,CSK,-0.382016528925619
2019_06,2019,KKR,KXIP,KKR,1.4283870967741912
2019_07,2019,MI,RCB,MI,0.1467317073170733
2019_08,2019,RR,SRH,SRH,-0.5538086202222843
2019_09,2019,MI,KXIP,KXIP,-0.4082407156410959
2019_10,2019,KKR,DC,,-0.07277734067663211
2019_11,2019,SRH,RCB,SRH,5.942350332594234
2019_12,2019,CSK,RR,CSK,0.3173333333333339
2019_13,2019,KXIP,DC,KXIP,0.49506798187150025
2019_14,2019,RCB,RR,RR,-0.1649920676890524
2019_15,2019,MI,CSK,MI,1.8765354330708668
2019_16,2019,DC,SRH,SRH,-0.5504745470232955
2019_17,2019,RCB,KKR,KKR,-0.21179270227393054
2019_18,2019,MI,SRH,MI,1.296241491565552
2019_19,2019,CSK,KXIP,CSK,1.0025806451612915
2019_20,2019,RCB,DC,DC,-0.39032258064516157
2019_21,2019,RR,KKR,KKR,-3.0954418604651153
2019_22,2019,SRH,KXIP,KXIP,-0.2963722074195534
2019_23,2019,KKR,CSK,CSK,-0.8983739837398375
2019_24,2019,KXIP,MI,MI,0.1016692913385846
2019_25,2019,RR,CSK,CSK,-0.07377049180327866
2019_26,2019,KKR,DC,DC,-0.7784011220196341
2019_27,2019,KXIP,RCB,RCB,-0.6190769230769231
2019_28,2019,MI,RR,RR,-0.3570403771264612
2019_30,2019,DC,SRH,DC,1.551282051282051
2019_29,2019,KKR,CSK,CSK,-0.371999999999999
2019_31,2019,RCB,MI,MI,-0.1206611570247933
2019_32,2019,KXIP,RR,KXIP,0.8555815768930533
2019_33,2019,CSK,SRH,SRH,-1.4648217636022514
2019_34,2019,MI,DC,MI,1.8851298190401256
2019_35,2019,RCB,KKR,RCB,0.7083750000000002
2019_36,2019,KXIP,DC,DC,0.11163153786104552
2019_37,2019,MI,RR,RR,-0.6618513323983164
2019_38,2019,RCB,CSK,RCB,0.1131547381047584
2019_39,2019,KKR,SRH,SRH,-2.5830473575840767
2019_40,2019,RR,DC,DC,-0.6555004135649298
2019_41,2019,SRH,CSK,CSK,-0.1906873614190676
2019_42,2019,RCB,KXIP,RCB,0.7443870967741937
2019_43,2019,KKR,RR,RR,-0.24027413827857202
2019_44,2019,MI,CSK,MI,1.7216898954703836
2019_45,2019,SRH,RR,RR,-0.38156262918561445
2019_46,2019,KKR,MI,KKR,1.147619047619047
2019_47,2019,DC,RCB,DC,0.9401639344262289
2019_48,2019,SRH,KXIP,SRH,1.8948516050878252
2019_49,2019,RCB,RR,,-0.29999999999999893
2019_50,2019,CSK,DC,CSK,2.530775510204082
2019_51,2019,MI,SRH,,0.0
2019_52,2019,KXIP,KKR,KKR,-0.748628684268267
2019_53,2019,SRH,RCB,RCB,-0.14634146341463428
2019_54,2019,RR,DC,DC,-1.9319727891156466
2019_55,2019,KKR,MI,MI,-1.8056249999999991
2019_56,2019,CSK,KXIP,KXIP,-0.7560886418489012
2019_57,2019,CSK,MI,MI,-0.67013988010277
2019_58,2019,SRH,DC,DC,-0.39012096774193505
2019_59,2019,DC,CSK,CSK,-0.639613120269134
2019_60,2019,MI,CSK,MI,0.10700236034618449
2020_01,2020,MI,CSK,CSK,-0.4612903225806466
2020_02,2020,DC,KXIP,,-0.36193647540983687
2020_03,2020,RCB,SRH,RCB,0.36250661025912123
2020_04,2020,RR,CSK,RR,0.44758064516129004
2020_05,2020,MI,KKR,MI,1.8093464904114702
2020_06,2020,KXIP,RCB,KXIP,3.8324444444444445
2020_07,2020,DC,CSK,DC,2.197875688434305
2020_08,2020,SRH,KKR,KKR,-0.8410278745644595
2020_09,2020,KXIP,RR,RR,-0.4889571730362974
2020_10,2020,RCB,MI,,0.15687804878048794
2020_11,2020,SRH,DC,SRH,0.7895357985837927
2020_12,2020,KKR,RR,KKR,1.3628615702479339
2020_13,2020,MI,KXIP,MI,2.3040000000000003
2020_14,2020,SRH,CSK,SRH,0.09072580645161299
2020_16,2020,RR,RCB,RCB,-0.5986433013001689
2020_15,2020,DC,KKR,DC,1.2918549115786764
2020_17,2020,MI,SRH,MI,2.0533182076006806
2020_18,2020,KXIP,CSK,CSK,-0.9276926397582557
2020_19,2020,DC,RCB,DC,2.80952380952381
2020_20,2020,MI,RR,MI,1.6999284180386534
2020_21,2020,KKR,CSK,KKR,0.23106947697111568
2020_22,2020,SRH,KXIP,SRH,1.9586796116504859
2020_23,2020,DC,RR,DC,2.1214848143981992
2020_24,2020,KKR,KXIP,KKR,-0.16451612903225854
2020_25,2020,RCB,CSK,RCB,1.404458015267176
2020_26,2020,SRH,RR,RR,-0.3753275549284414
2020_27,2020,DC,MI,MI,-0.38793442622950725
2020_28,2020,RCB,KKR,RCB,3.8485853658536593
2020_29,2020,CSK,SRH,CSK,1.2131147540983616
2020_30,2020,DC,RR,DC,0.385584677419355
2020_31,2020,RCB,KXIP,KXIP,-0.22057142857142864
2020_32,2020,KKR,MI,MI,-1.7474851485148521
2020_33,2020,RR,RCB,RCB,-0.028980322003576475
2020_34,2020,CSK,DC,DC,-0.43707033315706134
2020_35,2020,MI,KXIP,,0.21114369501466257
2020_36,2020,KKR,SRH,,0.13142511590405093
2020_37,2020,CSK,RR,RR,-0.9845344880915556
2020_38,2020,DC,KXIP,KXIP,-0.34999999999999964
2020_39,2020,KKR,RCB,RCB,-1.9061393152302246
2020_40,2020,RR,SRH,SRH,-0.6983311938382553
2020_41,2020,CSK,MI,MI,-3.933405405405405
2020_42,2020,KKR,DC,KKR,2.8320000000000007
2020_43,2020,KXIP,SRH,KXIP,0.48702439024390287
2020_45,2020,MI,RR,RR,-0.6912820512820499
2020_44,2020,RCB,CSK,CSK,-1.1142080691241043
2020_46,2020,KKR,KXIP,KXIP,-0.6264441591784333
2020_47,2020,SRH,DC,SRH,3.991732176741663
2020_48,2020,RCB,MI,MI,-0.23140495867768607
2020_49,2020,KKR,CSK,CSK,-0.015074380165289725
2020_50,2020,KXIP,RR,RR,-1.728682170542637
2020_51,2020,RCB,SRH,SRH,-2.2602150537634413
2020_52,2020,DC,MI,MI,-2.2453363482193325
2020_53,2020,KKR,RR,KKR,3.0031987205117954
2020_54,2020,KXIP,CSK,CSK,-0.3787403818751791
2020_55,2020,RCB,DC,DC,-0.482801751094434
2020_56,2020,MI,SRH,SRH,-1.0172897196261692
2020_57,2020,MI,DC,MI,3.107831562377016
2020_58,2020,RCB,SRH,SRH,-0.10031471282454874
2020_59,2020,DC,SRH,DC,0.8160000000000007
2020_60,2020,DC,MI,MI,-0.8009581881533094
2021_01,2021,MI,RCB,RCB,0.0745007680491554
2021_02,2021,CSK,DC,DC,-0.6568544995794792
2021_03,2021,KKR,SRH,KKR,0.6259512195121939
2021_04,2021,PBKS,RR,PBKS,0.2718410198725163
2021_05,2021,MI,KKR,MI,0.4310275889644144
2021_06,2021,RCB,SRH,RCB,0.2298462692163481
2021_07,2021,DC,RR,RR,-0.4501219842775832
2021_08,2021,PBKS,CSK,CSK,-1.558467741935484
2021_09,2021,MI,SRH,MI,0.35000000000000053
2021_10,2021,RCB,KKR,RCB,1.4649390243902438
2021_11,2021,PBKS,DC,DC,-0.7402708481824654
2021_12,2021,CSK,RR,CSK,2.0930232558139528
2021_13,2021,MI,DC,DC,0.007024793388429984
2021_15,2021,PBKS,SRH,SRH,-0.2586206896551726
2021_14,2021,CSK,KKR,CSK,0.3788996029495184
2021_16,2021,RR,RCB,RCB,-2.455600247524753
2021_17,2021,MI,PBKS,PBKS,-0.7573770491803273
2021_18,2021,KKR,RR,RR,-0.36666666666666714
2021_19,2021,DC,SRH,,0.12409756097560898
2021_20,2021,CSK,RCB,CSK,3.3120000000000003
2021_21,2021,PBKS,KKR,KKR,-1.5335356116256795
2021_22,2021,RCB,DC,RCB,0.04918032786885185
2021_23,2021,SRH,CSK,CSK,-0.9624060150375939
2021_24,2021,KKR,DC,DC,-1.3636363636363642
2021_25,2021,RR,MI,MI,-0.8585498144447623
2021_26,2021,PBKS,RCB,PBKS,1.5301427815970374
2021_27,2021,CSK,MI,MI,-0.046875
2021_28,2021,RR,SRH,RR,2.5172244094488194
2021_29,2021,PBKS,DC,DC,-1.0287261242292072
2021_30,2021,CSK,MI,CSK,0.9073548387096784
2021_31,2021,RCB,KKR,KKR,-3.998956975228161
2021_32,2021,RR,PBKS,RR,0.3018750000000008
2021_33,2021,SRH,DC,DC,-1.1325611325611318
2021_34,2021,MI,KKR,KKR,-2.992439516129032
2021_35,2021,RCB,CSK,CSK,-0.6641520382997239
2021_36,2021,PBKS,SRH,PBKS,0.24390243902439046
2021_37,2021,DC,RR,DC,1.5253333333333323
2021_38,2021,RCB,MI,RCB,1.9531703273932859
2021_39,2021,KKR,CSK,CSK,-0.2473867595818824
2021_40,2021,RR,SRH,SRH,-0.42016806722689104
2021_41,2021,PBKS,MI,MI,-0.500841042893188
2021_42,2021,DC,KKR,KKR,-0.7574935769340572
2021_43,2021,RR,RCB,RCB,-1.3111465694096198
2021_44,2021,SRH,CSK,CSK,-0.4605619834710737
2021_45,2021,KKR,PBKS,PBKS,-0.34670754465475806
2021_46,2021,MI,DC,DC,-0.5126050420168067
2021_47,2021,CSK,RR,RR,-1.1982702702702692
2021_48,2021,SRH,KKR,KKR,-0.24752066115702487
2021_49,2021,RCB,PBKS,RCB,0.34819047619047705
2021_50,2021,CSK,DC,DC,-0.24961597542242675
2021_51,2021,RR,MI,MI,-6.251265531523238
2021_52,2021,SRH,RCB,SRH,0.08487572712850255
2021_53,2021,CSK,PBKS,PBKS,-3.717484109667014
2021_54,2021,KKR,RR,KKR,2.8210081987174283
2021_55,2021,MI,SRH,MI,1.941290322580647
2021_56,2021,DC,RCB,RCB,-0.15847619047619155
2021_57,2021,DC,CSK,CSK,-0.38803620621802537
2021_58,2021,RCB,KKR,KKR,-0.3211334120425029
2021_59,2021,DC,KKR,KKR,-0.04838709677419306
2021_60,2021,CSK,KKR,CSK,1.615903975993997
2022_01,2022,CSK,KKR,KKR,-0.9510939510939513
2022_02,2022,RCB,PBKS,PBKS,-0.21972253468316616
2022_03,2022,MI,DC,DC,-0.4745691467002935
2022_04,2022,LSG,GT,GT,-0.33830978405758483
2022_05,2022,RR,SRH,RR,2.5403076923076915
2022_06,2022,KKR,RCB,RCB,0.13280632411067206
2022_07,2022,CSK,LSG,LSG,0.42994895065229777
2022_08,2022,PBKS,KKR,KKR,-2.2295504789977896
2022_09,2022,RR,MI,RR,1.344322344322344
2022_10,2022,GT,DC,GT,0.6156569630212427
2022_11,2022,PBKS,CSK,PBKS,1.3703007518796984
2022_12,2022,LSG,SRH,LSG,0.9039748130657212
2022_13,2022,RR,RCB,RCB,-0.3961967213114761
2022_14,2022,MI,KKR,KKR,-2.037147482320866
2022_15,2022,DC,LSG,LSG,-0.4132734003172933
2022_16,2022,PBKS,GT,GT,0.025963808025176505
2022_18,2022,MI,RCB,RCB,-0.5737704918032787
2022_17,2022,CSK,SRH,SRH,-1.0625454545454547
2022_19,2022,DC,KKR,DC,1.840661157024794
2022_20,2022,RR,LSG,RR,0.01843317972350267
2022_21,2022,GT,SRH,SRH,-0.9486228813559325
2022_22,2022,CSK,RCB,CSK,1.227980223402307
2022_23,2022,PBKS,MI,PBKS,0.42633070866141587
2022_24,2022,GT,RR,GT,1.6673717609730287
2022_25,2022,KKR,SRH,SRH,-0.976928147659855
2022_27,2022,RCB,DC,RCB,0.629032258064516
2022_26,2022,LSG,MI,LSG,0.9410322580645154
2022_28,2022,CSK,GT,GT,-0.31775206611570184
2022_29,2022,PBKS,SRH,SRH,-0.6715927750410513
2022_30,2022,RR,KKR,RR,0.633647893249984
2022_31,2022,RCB,LSG,RCB,0.850393700787401
2022_32,2022,PBKS,DC,DC,-4.645346748113546
2022_33,2022,MI,CSK,CSK,0.1908968695986175
2022_34,2022,RR,DC,RR,1.038810483870968
2022_35,2022,GT,KKR,GT,0.3224596925384322
2022_36,2022,RCB,SRH,SRH,-4.93061224489796
2022_37,2022,LSG,MI,LSG,1.8765
2022_38,2022,PBKS,CSK,PBKS,0.0551378446115276
2022_39,2022,RR,RCB,RR,1.4146341463414638
2022_40,2022,SRH,GT,GT,-0.2662857142857149
2022_41,2022,KKR,DC,DC,-0.6277915632754345
2022_42,2022,LSG,PBKS,LSG,1.2171792948237048
2022_43,2022,RR,MI,MI,-0.5854330708661433
2022_44,2022,RCB,GT,GT,-0.19672131147540917
2022_46,2022,LSG,DC,LSG,-0.3558758314855872
2022_45,2022,CSK,SRH,CSK,0.6341463414634152
2022_47,2022,RR,KKR,KKR,-0.464058928117856
2022_48,2022,GT,PBKS,PBKS,-2.0488372093023246
2022_49,2022,RCB,CSK,RCB,0.1732283464566926
2022_50,2022,DC,SRH,DC,0.9223847019122591
2022_51,2022,MI,GT,MI,-0.03292561983471032
2022_52,2022,PBKS,RR,RR,-0.5370598374784521
2022_53,2022,LSG,KKR,LSG,1.8467489408730904
2022_54,2022,RCB,SRH,RCB,2.8928571428571423
2022_55,2022,CSK,DC,CSK,3.0267175572519083
2022_56,2022,KKR,MI,KKR,1.5206942590120152
2022_57,2022,GT,LSG,GT,1.1362126245847177
2022_58,2022,RR,DC,DC,-0.7936842105263144
2022_59,2022,CSK,MI,MI,-0.9783142389525361
2022_60,2022,PBKS,RCB,PBKS,2.84727822580645
2022_61,2022,KKR,SRH,KKR,2.296875
2022_62,2022,CSK,GT,GT,-0.523563025210084
2022_63,2022,RR,LSG,RR,1.4641768292682933
2022_64,2022,DC,PBKS,DC,0.9941927990708477
2022_65,2022,SRH,MI,SRH,0.49476923076923285
2022_66,2022,LSG,KKR,LSG,0.5010971989157103
2022_67,2022,GT,RCB,RCB,-0.6072701354240913
2022_68,2022,CSK,RR,RR,-0.22622950819672116
2022_69,2022,DC,MI,MI,-0.6141018907563023
2022_70,2022,SRH,PBKS,PBKS,-2.569263157894736
2022_71,2022,RR,GT,GT,-0.28611023622047327
2022_72,2022,RCB,LSG,RCB,0.9494505494505496
2022_73,2022,RCB,RR,RR,-1.4450624864552477
2022_74,2022,RR,GT,GT,-0.561946902654868
2023_01,2023,CSK,GT,GT,-0.1243733911394127
2023_02,2023,PBKS,KKR,PBKS,0.468588322246859
2023_03,2023,LSG,DC,LSG,2.454476190476192
2023_04,2023,RR,SRH,RR,3.7455113192818112
2023_05,2023,MI,RCB,RCB,-2.225339366515837
2023_06,2023,CSK,LSG,CSK,1.4558823529411775
2023_07,2023,DC,GT,GT,-0.7283478260869556
2023_08,2023,PBKS,RR,PBKS,0.09108661417322672
2023_09,2023,KKR,RCB,KKR,2.5911758313410136
2023_10,2023,SRH,LSG,LSG,-1.5937347833143969
2023_11,2023,MI,CSK,CSK,-0.8324210526315783
2023_12,2023,RR,DC,RR,2.972782258064516
2023_13,2023,GT,KKR,KKR,-0.45976570001920614
2023_14,2023,PBKS,SRH,SRH,-1.582601941747571
2023_15,2023,RCB,LSG,LSG,0.3510877719429857
2023_16,2023,DC,MI,MI,-0.18561607615018616
2023_17,2023,RR,CSK,RR,0.2073490813648302
2023_18,2023,PBKS,GT,GT,-0.6484268125855
2023_19,2023,SRH,KKR,SRH,1.078125
2023_20,2023,LSG,PBKS,PBKS,-0.4062217632631988
2023_21,2023,RCB,DC,RCB,1.0535011801730905
2023_22,2023,GT,RR,RR,-0.537178786221979
2023_23,2023,KKR,MI,MI,-1.566657110091743
2023_24,2023,CSK,RCB,CSK,0.3809523809523814
2023_25,2023,MI,SRH,MI,1.0331741319220349
2023_26,2023,LSG,RR,LSG,0.5493802479008405
2023_28,2023,RCB,PBKS,RCB,0.5232031081372757
2023_27,2023,KKR,DC,DC,-0.48556897647806707
2023_29,2023,SRH,CSK,CSK,-0.8026932084309122
2023_30,2023,PBKS,MI,PBKS,0.14861032331253554
2023_31,2023,GT,LSG,GT,0.4028925619834718
2023_32,2023,CSK,KKR,CSK,2.812251843448667
2023_33,2023,RCB,RR,RCB,0.4053333333333349
2023_34,2023,DC,SRH,DC,0.3471074380165282
2023_35,2023,GT,MI,GT,2.398809917355372
2023_36,2023,KKR,RCB,KKR,0.7967213114754106
2023_37,2023,RR,CSK,RR,1.3444414822713942
2023_38,2023,LSG,PBKS,LSG,2.531613372093023
2023_39,2023,SRH,DC,SRH,-0.00794100964265354
2023_40,2023,KKR,GT,GT,-1.086474501108647
2023_41,2023,RR,MI,MI,-0.708090225563911
2023_42,2023,CSK,PBKS,PBKS,-0.1991811023622052
2023_43,2023,RCB,LSG,RCB,0.970914859862507
2023_44,2023,DC,GT,DC,0.24193548387096797
2023_46,2023,PBKS,MI,MI,-1.1411637931034484
2023_45,2023,LSG,CSK,,0.0
2023_47,2023,KKR,SRH,KKR,0.23622047244094535
2023_48,2023,RR,GT,GT,-2.2894736842105265
2023_49,2023,MI,CSK,CSK,-0.8703564445781309
2023_50,2023,RCB,DC,DC,-2.2052038834951446
2023_51,2023,RR,SRH,SRH,-0.14400000000000013
2023_52,2023,GT,LSG,GT,2.6880000000000006
2023_53,2023,PBKS,KKR,KKR,-0.35423925667828193
2023_54,2023,RCB,MI,MI,-1.6134376438104
2023_55,2023,CSK,DC,CSK,0.9876923076923063
2023_56,2023,KKR,RR,RR,-3.6603507357387626
2023_57,2023,MI,GT,MI,1.5829268292682936
2023_58,2023,PBKS,DC,PBKS,1.255617438064144
2023_59,2023,SRH,LSG,LSG,-0.2955049385204589
2023_60,2023,CSK,KKR,KKR,-0.5625762711864395
2023_61,2023,RCB,RR,RCB,2.8280397022332506
2023_62,2023,GT,SRH,GT,1.4204999999999997
2023_63,2023,LSG,MI,LSG,0.5575384615384626
2023_64,2023,DC,PBKS,DC,0.6433548387096781
2023_65,2023,SRH,RCB,RCB,-0.2727272727272716
2023_66,2023,PBKS,RR,RR,-0.0952380952380949
2023_67,2023,CSK,DC,CSK,3.4744552279802248
2023_68,2023,LSG,KKR,LSG,-0.08503937007874107
2023_69,2023,SRH,MI,MI,-1.1487568478718924
2023_70,2023,RCB,GT,GT,-0.20253658536585206
2023_71,2023,CSK,GT,CSK,1.3226527570789859
2023_72,2023,MI,LSG,MI,2.7254901960784306
2023_73,2023,GT,MI,GT,2.0861348853132498
2023_74,2023,GT,CSK,CSK,-0.390303453086851
2024_01,2024,RCB,CSK,CSK,-0.7534883720930239
2024_02,2024,KKR,SRH,KKR,-0.282786885245903
2024_03,2024,DC,PBKS,PBKS,-0.2855631940772092
2024_04,2024,GT,MI,GT,0.2265932336742722
2024_05,2024,RR,LSG,RR,0.7471424942849882
2024_06,2024,PBKS,RCB,RCB,-0.2349268292682929
2024_07,2024,CSK,GT,CSK,3.184875
2024_08,2024,SRH,MI,SRH,1.07032967032967
2024_09,2024,RR,DC,RR,0.5090322580645168
2024_10,2024,RCB,KKR,KKR,-1.7505226480836225
2024_11,2024,LSG,PBKS,LSG,0.7979016393442624
2024_12,2024,DC,CSK,DC,1.0701336751510713
2024_13,2024,SRH,GT,GT,-0.503375120540019
2024_14,2024,MI,RR,RR,-1.6485826001955042
2024_15,2024,LSG,RCB,LSG,1.0944574551131918
2024_16,2024,KKR,DC,KKR,3.124559023066487
2024_17,2024,GT,PBKS,PBKS,-0.12706530291109353
2024_18,2024,CSK,SRH,SRH,-0.791154791154792
2024_19,2024,RCB,RR,RR,-0.8261694915254232
2024_20,2024,LSG,GT,LSG,1.6892020051483527
2024_21,2024,MI,DC,MI,0.8017537171178031
2024_22,2024,KKR,CSK,CSK,-1.339592889908256
2024_23,2024,SRH,PBKS,SRH,0.16457142857142948
2024_24,2024,RR,GT,GT,-0.06828248031496109
2024_25,2024,RCB,MI,MI,-3.25
2024_26,2024,LSG,DC,DC,-1.2173790776152975
2024_27,2024,PBKS,RR,RR,-0.419409836065574
2024_28,2024,CSK,MI,CSK,0.8879999999999999
2024_29,2024,LSG,KKR,KKR,-1.650843644544433
2024_30,2024,SRH,RCB,SRH,1.2259056732740952
2024_31,2024,KKR,RR,RR,0.033631484794277355
2024_32,2024,GT,DC,DC,-5.268506493506495
2024_33,2024,MI,PBKS,MI,0.5703307086614195
2024_34,2024,CSK,LSG,LSG,-0.12431156569630097
2024_35,2024,SRH,DC,SRH,3.1887245101959216
2024_37,2024,PBKS,GT,GT,-0.6248948696383518
2024_36,2024,KKR,RCB,KKR,-0.36796699174793623
2024_38,2024,MI,RR,RR,-0.993990384615385
2024_39,2024,CSK,LSG,LSG,-0.06237504998000709
2024_40,2024,DC,GT,DC,0.2816679779701037
2024_41,2024,RCB,SRH,RCB,1.9345116279069767
2024_42,2024,KKR,PBKS,PBKS,-1.5975256646485914
2024_43,2024,LSG,RR,RR,-1.105603448275863
2024_44,2024,DC,MI,DC,0.5636072834645667
2024_45,2024,GT,RCB,RCB,-3.1292307692307695
2024_46,2024,CSK,SRH,CSK,3.164203612479474
2024_47,2024,DC,KKR,KKR,-2.0410183875530423
2024_48,2024,MI,LSG,LSG,-0.27400468384074994
2024_49,2024,CSK,PBKS,PBKS,-0.8961507618283884
2024_50,2024,SRH,RR,SRH,0.3309659090909083
2024_51,2024,KKR,MI,KKR,0.7391186440677968
2024_52,2024,GT,RCB,RCB,-3.698695608881809
2024_54,2024,KKR,LSG,KKR,2.949650033867691
2024_53,2024,CSK,PBKS,CSK,1.290193548387097
2024_55,2024,SRH,MI,MI,-1.7430025445292614
2024_56,2024,DC,RR,DC,1.7525708157214037
2024_57,2024,LSG,SRH,SRH,-8.651219512195121
2024_58,2024,RCB,PBKS,RCB,1.0429696287963992
2024_59,2024,GT,CSK,GT,1.6041290322580668
2024_60,2024,KKR,MI,KKR,1.338680926916222
2024_62,2024,RR,CSK,CSK,-0.7426367461430576
2024_61,2024,RCB,DC,RCB,1.8346456692913389
2024_63,2024,DC,LSG,DC,0.677999999999999
2024_64,2024,RR,PBKS,PBKS,-0.4910830795998269
2024_65,2024,LSG,MI,LSG,0.7606440071556335
2024_66,2024,RCB,CSK,RCB,1.2039745031871014
2024_67,2024,PBKS,SRH,SRH,-0.3017704918032784
2024_68,2024,SRH,KKR,KKR,-4.0207373271889395
2024_69,2024,RCB,RR,RR,-0.3140928502548572
2024_70,2024,SRH,RR,SRH,1.5419100838201674
2024_71,2024,SRH,KKR,KKR,-4.4140834290088025
