batter,runs,balls_faced,matches_batting,dismissals,batting_average,batting_strike_rate,total_balls,dot_balls,boundaries,fours,sixes,dot_ball_percentage,boundary_percentage,runs_per_boundary,thirties,fifties,hundreds
A Ashish Reddy,280,196,23,15,18.666666666666668,142.85714285714286,196,61,31,16,15,31.122448979591837,15.816326530612246,9.03225806451613,2,0,0
A Badoni,634,505,35,26,24.384615384615383,125.54455445544555,505,183,70,46,24,36.23762376237624,13.861386138613863,9.057142857142857,2,4,0
A Chandila,4,7,2,1,4.0,57.14285714285714,7,3,0,0,0,42.857142857142854,0.0,4.0,0,0,0
A Chopra,53,75,6,5,10.6,70.66666666666667,75,45,7,7,0,60.0,9.333333333333334,7.571428571428571,0,0,0
A Choudhary,25,20,3,2,12.5,125.0,20,4,2,1,1,20.0,10.0,12.5,0,0,0
A Dananjaya,4,5,1,0,4.0,80.0,5,2,0,0,0,40.0,0.0,4.0,0,0,0
A Flintoff,62,57,3,2,31.0,108.77192982456141,57,24,7,5,2,42.10526315789473,12.280701754385964,8.857142857142858,0,0,0
A Kamboj,2,2,1,0,2.0,100.0,2,0,0,0,0,0.0,0.0,2.0,0,0,0
A Kumble,35,49,15,2,17.5,71.42857142857143,49,24,3,3,0,48.97959183673469,6.122448979591836,11.666666666666666,0,0,0
A Manohar,231,181,15,14,16.5,127.62430939226519,181,69,31,21,10,38.12154696132597,17.12707182320442,7.451612903225806,3,0,0
A Mishra,381,440,55,31,12.290322580645162,86.5909090909091,440,199,36,31,5,45.22727272727273,8.181818181818182,10.583333333333334,2,0,0
A Mithun,34,26,6,5,6.8,130.76923076923077,26,11,5,4,1,42.30769230769231,19.230769230769234,6.8,0,0,0
A Mukund,19,23,2,2,9.5,82.6086956521739,23,9,1,1,0,39.130434782608695,4.3478260869565215,19.0,0,0,0
A Nehra,41,63,17,8,5.125,65.07936507936508,63,37,4,3,1,58.730158730158735,6.349206349206349,10.25,0,0,0
A Nortje,49,51,13,5,9.8,96.07843137254902,51,25,6,6,0,49.01960784313725,11.76470588235294,8.166666666666666,0,0,0
A Raghuvanshi,163,109,7,7,23.285714285714285,149.54128440366972,109,38,24,16,8,34.862385321100916,22.018348623853214,6.791666666666667,2,1,0
A Singh,2,10,5,4,0.5,20.0,10,8,0,0,0,80.0,0.0,2.0,0,0,0
A Symonds,974,781,36,26,37.46153846153846,124.71190781049937,781,308,115,74,41,39.436619718309856,14.7247119078105,8.469565217391304,8,5,1
A Tomar,4,8,1,1,4.0,50.0,8,7,1,1,0,87.5,12.5,4.0,0,0,0
A Uniyal,4,7,2,1,4.0,57.14285714285714,7,3,0,0,0,42.857142857142854,0.0,4.0,0,0,0
A Zampa,15,25,5,5,3.0,60.0,25,13,1,1,0,52.0,4.0,15.0,0,0,0
AA Bilakhia,69,88,7,5,13.8,78.4090909090909,88,43,5,5,0,48.86363636363637,5.681818181818182,13.8,0,0,0
AA Chavan,12,11,3,1,12.0,109.09090909090908,11,5,2,2,0,45.45454545454545,18.181818181818183,6.0,0,0,0
AA Jhunjhunwala,217,218,15,14,15.5,99.54128440366972,218,98,24,19,5,44.95412844036697,11.009174311926607,9.041666666666666,1,1,0
AA Kulkarni,9,8,2,2,4.5,112.5,8,5,2,2,0,62.5,25.0,4.5,0,0,0
AA Noffke,9,12,1,1,9.0,75.0,12,6,1,1,0,50.0,8.333333333333332,9.0,0,0,0
AB Agarkar,179,160,18,8,22.375,111.87499999999999,160,60,18,13,5,37.5,11.25,9.944444444444445,1,0,0
AB Barath,42,43,3,2,21.0,97.67441860465115,43,22,6,5,1,51.162790697674424,13.953488372093023,7.0,1,0,0
AB Dinda,26,50,16,9,2.888888888888889,52.0,50,31,2,2,0,62.0,4.0,13.0,0,0,0
AB McDonald,123,103,9,5,24.6,119.41747572815532,103,38,13,9,4,36.89320388349515,12.62135922330097,9.461538461538462,2,0,0
AB de Villiers,5181,3487,170,125,41.448,148.58044164037855,3487,1115,667,414,253,31.975910524806423,19.128190421565815,7.767616191904048,22,41,3
AC Blizzard,120,91,7,7,17.142857142857142,131.86813186813185,91,48,23,21,2,52.74725274725275,25.274725274725274,5.217391304347826,1,1,0
AC Gilchrist,2069,1555,80,76,27.223684210526315,133.05466237942122,1555,737,331,239,92,47.39549839228296,21.286173633440512,6.2507552870090635,13,11,2
AC Thomas,20,19,4,2,10.0,105.26315789473684,19,8,2,1,1,42.10526315789473,10.526315789473683,10.0,0,0,0
AC Voges,181,143,7,6,30.166666666666668,126.57342657342659,143,44,18,15,3,30.76923076923077,12.587412587412588,10.055555555555555,2,0,0
AD Hales,148,119,6,6,24.666666666666668,124.36974789915966,119,48,19,13,6,40.33613445378151,15.966386554621847,7.7894736842105265,3,0,0
AD Mascarenhas,79,79,11,10,7.9,100.0,79,29,6,5,1,36.708860759493675,7.59493670886076,13.166666666666666,0,0,0
AD Mathews,724,599,41,31,23.35483870967742,120.86811352253757,599,207,73,44,29,34.5575959933222,12.186978297161936,9.917808219178083,7,1,0
AD Nath,90,99,10,10,9.0,90.9090909090909,99,45,9,7,2,45.45454545454545,9.090909090909092,10.0,0,0,0
AD Russell,2488,1515,104,84,29.61904761904762,164.22442244224422,1515,645,380,171,209,42.57425742574257,25.082508250825082,6.5473684210526315,26,11,0
AF Milne,23,31,6,5,4.6,74.19354838709677,31,15,1,0,1,48.38709677419355,3.225806451612903,23.0,0,0,0
AG Murtaza,10,14,3,1,10.0,71.42857142857143,14,7,1,1,0,50.0,7.142857142857142,10.0,0,0,0
AG Paunikar,49,61,5,5,9.8,80.32786885245902,61,41,9,9,0,67.21311475409836,14.754098360655737,5.444444444444445,0,0,0
AJ Finch,2092,1696,90,84,24.904761904761905,123.34905660377358,1696,749,292,214,78,44.1627358490566,17.21698113207547,7.164383561643835,12,15,0
AJ Hosein,16,11,1,0,16.0,145.45454545454547,11,4,2,1,1,36.36363636363637,18.181818181818183,8.0,0,0,0
AJ Turner,24,31,6,5,4.8,77.41935483870968,31,17,2,0,2,54.83870967741935,6.451612903225806,12.0,0,0,0
AJ Tye,91,79,13,8,11.375,115.18987341772151,79,39,11,6,5,49.36708860759494,13.924050632911392,8.272727272727273,0,0,0
AK Markram,995,787,42,33,30.151515151515152,126.4294790343075,787,241,108,73,35,30.62261753494282,13.722998729351971,9.212962962962964,9,5,0
AL Menaria,401,367,23,22,18.227272727272727,109.26430517711172,367,152,42,24,18,41.41689373297003,11.444141689373296,9.547619047619047,5,0,0
AM Nayar,672,588,50,39,17.23076923076923,114.28571428571428,588,234,75,55,20,39.795918367346935,12.755102040816327,8.96,6,0,0
AM Rahane,4642,3858,171,156,29.756410256410255,120.32141005702437,3858,1463,582,479,103,37.921202695697254,15.085536547433904,7.975945017182131,33,30,2
AN Ahmed,36,27,6,1,36.0,133.33333333333331,27,11,5,4,1,40.74074074074074,18.51851851851852,7.2,0,0,0
AN Ghosh,7,8,2,2,3.5,87.5,8,5,1,1,0,62.5,12.5,7.0,0,0,0
AP Dole,34,23,2,2,17.0,147.82608695652172,23,7,4,3,1,30.434782608695656,17.391304347826086,8.5,1,0,0
AP Majumdar,87,77,4,4,21.75,112.98701298701299,77,28,9,7,2,36.36363636363637,11.688311688311687,9.666666666666666,2,0,0
AP Tare,339,285,27,24,14.125,118.94736842105263,285,142,51,40,11,49.824561403508774,17.894736842105264,6.647058823529412,1,1,0
AR Bawne,12,12,1,0,12.0,100.0,12,4,1,1,0,33.33333333333333,8.333333333333332,12.0,0,0,0
AR Patel,1653,1318,112,78,21.192307692307693,125.41729893778452,1318,470,186,107,79,35.66009104704097,14.112291350531109,8.887096774193548,12,3,0
AS Joseph,27,32,5,1,27.0,84.375,32,16,3,3,0,50.0,9.375,9.0,0,0,0
AS Rajpoot,26,41,7,4,6.5,63.41463414634146,41,27,3,2,1,65.85365853658537,7.317073170731707,8.666666666666666,0,0,0
AS Raut,194,172,16,11,17.636363636363637,112.79069767441861,172,67,20,13,7,38.95348837209303,11.627906976744185,9.7,2,0,0
AS Roy,26,24,6,3,8.666666666666666,108.33333333333333,24,10,3,3,0,41.66666666666667,12.5,8.666666666666666,0,0,0
AS Yadav,49,40,6,7,7.0,122.50000000000001,40,18,7,5,2,45.0,17.5,7.0,0,0,0
AT Carey,32,29,3,2,16.0,110.34482758620689,29,8,1,0,1,27.586206896551722,3.4482758620689653,32.0,0,0,0
AT Rayudu,4348,3490,185,152,28.605263157894736,124.58452722063038,3490,1274,532,359,173,36.50429799426934,15.243553008595988,8.172932330827068,37,22,1
AU Rashid,22,17,2,2,11.0,129.41176470588235,17,8,3,2,1,47.05882352941176,17.647058823529413,7.333333333333333,0,0,0
AUK Pathan,39,26,7,5,7.8,150.0,26,14,7,5,2,53.84615384615385,26.923076923076923,5.571428571428571,0,0,0
Abdul Basith,1,1,1,0,1.0,100.0,1,0,0,0,0,0.0,0.0,1.0,0,0,0
Abdul Samad,579,408,39,32,18.09375,141.91176470588235,408,149,73,37,36,36.51960784313725,17.892156862745097,7.931506849315069,4,0,0
Abdur Razzak,0,2,1,0,0.0,0.0,2,2,0,0,0,100.0,0.0,0.0,0,0,0
Abhishek Sharma,1377,925,61,55,25.036363636363635,148.86486486486484,925,356,201,128,73,38.486486486486484,21.72972972972973,6.850746268656716,16,7,0
Abishek Porel,360,244,16,16,22.5,147.54098360655738,244,90,52,37,15,36.885245901639344,21.311475409836063,6.923076923076923,4,2,0
Akash Deep,19,12,3,2,9.5,158.33333333333331,12,4,3,2,1,33.33333333333333,25.0,6.333333333333333,0,0,0
Akash Madhwal,4,5,1,0,4.0,80.0,5,2,0,0,0,40.0,0.0,4.0,0,0,0
Aman Hakim Khan,115,109,10,9,12.777777777777779,105.50458715596329,109,55,14,8,6,50.45871559633027,12.844036697247708,8.214285714285714,0,1,0
Anirudh Singh,63,69,4,4,15.75,91.30434782608695,69,34,7,6,1,49.275362318840585,10.144927536231885,9.0,1,0,0
Ankit Sharma,87,69,10,7,12.428571428571429,126.08695652173914,69,29,11,7,4,42.028985507246375,15.942028985507244,7.909090909090909,1,0,0
Ankit Soni,7,9,3,2,3.5,77.77777777777779,9,7,1,0,1,77.77777777777779,11.11111111111111,7.0,0,0,0
Anmolpreet Singh,139,117,9,9,15.444444444444445,118.80341880341881,117,55,22,19,3,47.008547008547005,18.803418803418804,6.318181818181818,3,0,0
Anuj Rawat,318,276,21,14,22.714285714285715,115.21739130434783,276,123,40,26,14,44.565217391304344,14.492753623188406,7.95,1,1,0
Anureet Singh,36,47,8,4,9.0,76.59574468085107,47,22,3,2,1,46.808510638297875,6.382978723404255,12.0,0,0,0
Arjun Tendulkar,13,9,1,1,13.0,144.44444444444443,9,2,1,0,1,22.22222222222222,11.11111111111111,13.0,0,0,0
Arshad Khan,96,67,6,4,24.0,143.28358208955223,67,24,11,5,6,35.82089552238806,16.417910447761194,8.727272727272727,0,1,0
Arshad Khan (2),5,4,1,1,5.0,125.0,4,2,1,1,0,50.0,25.0,5.0,0,0,0
Arshdeep Singh,29,42,11,5,5.8,69.04761904761905,42,29,4,4,0,69.04761904761905,9.523809523809524,7.25,0,0,0
Ashutosh Sharma,189,118,9,8,23.625,160.16949152542372,118,43,25,10,15,36.440677966101696,21.1864406779661,7.56,3,1,0
Atharva Taide,247,177,9,8,30.875,139.54802259887003,177,67,35,27,8,37.85310734463277,19.774011299435028,7.057142857142857,1,2,0
Avesh Khan,41,25,9,1,41.0,164.0,25,10,6,3,3,40.0,24.0,6.833333333333333,0,0,0
Azhar Mahmood,388,311,21,19,20.42105263157895,124.7588424437299,311,124,52,39,13,39.87138263665595,16.720257234726688,7.461538461538462,3,2,0
Azmatullah Omarzai,42,34,4,4,10.5,123.52941176470588,34,11,4,2,2,32.35294117647059,11.76470588235294,10.5,0,0,0
B Akhil,76,57,11,7,10.857142857142858,133.33333333333331,57,26,10,5,5,45.614035087719294,17.543859649122805,7.6,0,0,0
B Chipli,280,256,21,16,17.5,109.375,256,110,35,28,7,42.96875,13.671875,8.0,1,1,0
B Indrajith,21,31,3,3,7.0,67.74193548387096,31,18,2,2,0,58.06451612903226,6.451612903225806,10.5,0,0,0
B Kumar,306,338,65,34,9.0,90.53254437869822,338,159,33,30,3,47.0414201183432,9.763313609467456,9.272727272727273,0,0,0
B Laughlin,5,13,4,2,2.5,38.46153846153847,13,8,0,0,0,61.53846153846154,0.0,5.0,0,0,0
B Lee,124,102,19,10,12.4,121.56862745098039,102,46,16,8,8,45.09803921568628,15.686274509803921,7.75,0,0,0
B Sai Sudharsan,1034,770,25,21,49.23809523809524,134.28571428571428,770,244,127,95,32,31.68831168831169,16.493506493506494,8.141732283464567,10,6,1
B Stanlake,5,2,1,0,5.0,250.0,2,0,1,1,0,0.0,50.0,5.0,0,0,0
B Sumanth,35,38,4,1,35.0,92.10526315789474,38,15,3,3,0,39.473684210526315,7.894736842105263,11.666666666666666,0,0,0
BA Bhatt,6,7,2,0,6.0,85.71428571428571,7,6,1,0,1,85.71428571428571,14.285714285714285,6.0,0,0,0
BA Stokes,935,718,43,41,22.804878048780488,130.22284122562675,718,253,113,81,32,35.23676880222841,15.73816155988858,8.274336283185841,7,2,2
BAW Mendis,3,6,3,2,1.5,50.0,6,3,0,0,0,50.0,0.0,3.0,0,0,0
BB McCullum,2882,2272,109,106,27.18867924528302,126.84859154929578,2272,1028,423,293,130,45.24647887323944,18.617957746478872,6.8132387706855795,29,13,2
BB Samantray,125,116,8,5,25.0,107.75862068965519,116,48,15,13,2,41.37931034482759,12.931034482758621,8.333333333333334,1,1,0
BB Sran,10,14,7,1,10.0,71.42857142857143,14,5,0,0,0,35.714285714285715,0.0,10.0,0,0,0
BCJ Cutting,238,146,17,11,21.636363636363637,163.013698630137,146,58,34,15,19,39.726027397260275,23.28767123287671,7.0,2,0,0
BE Hendricks,1,3,2,1,1.0,33.33333333333333,3,2,0,0,0,66.66666666666666,0.0,1.0,0,0,0
BJ Haddin,18,11,1,1,18.0,163.63636363636365,11,5,3,2,1,45.45454545454545,27.27272727272727,6.0,0,0,0
BJ Hodge,1400,1153,63,46,30.434782608695652,121.42237640936686,1153,439,165,122,43,38.074588031222895,14.310494362532525,8.484848484848484,15,6,0
BJ Rohrer,193,146,8,7,27.571428571428573,132.1917808219178,146,57,26,21,5,39.04109589041096,17.80821917808219,7.423076923076923,2,1,0
BMAJ Mendis,23,27,3,3,7.666666666666667,85.18518518518519,27,8,0,0,0,29.629629629629626,0.0,23.0,0,0,0
BR Dunk,40,36,3,3,13.333333333333334,111.11111111111111,36,20,7,7,0,55.55555555555556,19.444444444444446,5.714285714285714,0,0,0
BR Sharath,2,5,1,1,2.0,40.0,5,3,0,0,0,60.0,0.0,2.0,0,0,0
Basil Thampi,32,37,7,2,16.0,86.48648648648648,37,16,2,1,1,43.24324324324324,5.405405405405405,16.0,0,0,0
Bipul Sharma,187,124,17,6,31.166666666666668,150.80645161290323,124,34,20,11,9,27.419354838709676,16.129032258064516,9.35,1,0,0
C Green,707,472,28,20,35.35,149.78813559322032,472,144,94,62,32,30.508474576271187,19.915254237288135,7.5212765957446805,9,2,1
C Madan,15,21,1,1,15.0,71.42857142857143,21,15,3,3,0,71.42857142857143,14.285714285714285,5.0,0,0,0
C Munro,177,144,11,9,19.666666666666668,122.91666666666667,144,68,27,19,8,47.22222222222222,18.75,6.555555555555555,2,0,0
C Nanda,0,1,1,1,0.0,0.0,1,1,0,0,0,100.0,0.0,0.0,0,0,0
C Sakariya,20,31,7,5,4.0,64.51612903225806,31,21,3,3,0,67.74193548387096,9.67741935483871,6.666666666666667,0,0,0
C de Grandhomme,303,229,21,15,20.2,132.31441048034935,229,86,36,18,18,37.55458515283843,15.72052401746725,8.416666666666666,5,0,0
CA Ingram,205,183,15,12,17.083333333333332,112.02185792349727,183,78,27,22,5,42.62295081967213,14.754098360655737,7.592592592592593,2,0,0
CA Lynn,1329,974,42,39,34.07692307692308,136.4476386036961,974,416,198,132,66,42.71047227926078,20.32854209445585,6.712121212121212,10,10,0
CA Pujara,390,403,22,18,21.666666666666668,96.7741935483871,403,200,54,50,4,49.62779156327544,13.399503722084367,7.222222222222222,3,1,0
CH Gayle,4997,3516,141,128,39.0390625,142.1217292377702,3516,1636,767,408,359,46.53014789533561,21.814562002275313,6.514993481095176,24,32,6
CH Morris,618,413,49,29,21.310344827586206,149.636803874092,413,134,76,41,35,32.445520581113804,18.401937046004843,8.131578947368421,4,2,0
CJ Anderson,538,436,29,22,24.454545454545453,123.39449541284404,436,200,71,40,31,45.87155963302752,16.28440366972477,7.577464788732394,4,3,0
CJ Ferguson,98,119,8,6,16.333333333333332,82.35294117647058,119,58,9,9,0,48.739495798319325,7.563025210084033,10.88888888888889,0,0,0
CJ Jordan,81,81,12,9,9.0,100.0,81,38,6,3,3,46.913580246913575,7.4074074074074066,13.5,1,0,0
CJ McKay,8,15,1,1,8.0,53.333333333333336,15,8,0,0,0,53.333333333333336,0.0,8.0,0,0,0
CK Kapugedera,16,24,3,3,5.333333333333333,66.66666666666666,24,10,0,0,0,41.66666666666667,0.0,16.0,0,0,0
CK Langeveldt,8,9,2,2,4.0,88.88888888888889,9,6,1,0,1,66.66666666666666,11.11111111111111,8.0,0,0,0
CL White,971,774,45,35,27.742857142857144,125.45219638242895,774,274,114,76,38,35.400516795865634,14.728682170542637,8.517543859649123,9,6,0
CM Gautam,169,158,13,9,18.77777777777778,106.9620253164557,158,84,23,17,6,53.16455696202531,14.556962025316455,7.3478260869565215,3,0,0
CR Brathwaite,181,120,14,14,12.928571428571429,150.83333333333334,120,53,26,10,16,44.166666666666664,21.666666666666668,6.961538461538462,2,0,0
CR Woakes,78,77,12,5,15.6,101.29870129870129,77,33,9,7,2,42.857142857142854,11.688311688311687,8.666666666666666,0,0,0
CRD Fernando,4,3,2,1,4.0,133.33333333333331,3,0,0,0,0,0.0,0.0,4.0,0,0,0
CV Varun,25,49,10,2,12.5,51.02040816326531,49,31,2,2,0,63.26530612244898,4.081632653061225,12.5,0,0,0
D Brevis,230,176,10,10,23.0,130.6818181818182,176,83,33,17,16,47.159090909090914,18.75,6.96969696969697,4,0,0
D Ferreira,8,11,2,2,4.0,72.72727272727273,11,5,0,0,0,45.45454545454545,0.0,8.0,0,0,0
D Kalyankrishna,3,8,1,1,3.0,37.5,8,5,0,0,0,62.5,0.0,3.0,0,0,0
D Padikkal,1559,1323,64,63,24.746031746031747,117.83824640967498,1323,564,212,170,42,42.63038548752834,16.02418745275888,7.35377358490566,12,9,1
D Pretorius,44,28,5,4,11.0,157.14285714285714,28,10,6,3,3,35.714285714285715,21.428571428571427,7.333333333333333,0,0,0
D Salunkhe,33,24,3,1,33.0,137.5,24,8,5,5,0,33.33333333333333,20.833333333333336,6.6,0,0,0
D Wiese,148,105,11,6,24.666666666666668,140.95238095238096,105,34,19,12,7,32.38095238095238,18.095238095238095,7.7894736842105265,1,0,0
D du Preez,10,13,1,1,10.0,76.92307692307693,13,5,0,0,0,38.46153846153847,0.0,10.0,0,0,0
DA Miller,2924,2171,123,84,34.80952380952381,134.68447719944726,2171,726,341,207,134,33.440810686319665,15.70704744357439,8.574780058651026,25,13,1
DA Warner,6567,4849,184,164,40.042682926829265,135.4299855640338,4849,1873,899,663,236,38.62652093215096,18.539905135079398,7.304783092324805,30,62,4
DAJ Bracewell,12,9,1,0,12.0,133.33333333333331,9,1,1,1,0,11.11111111111111,11.11111111111111,12.0,0,0,0
DB Das,304,267,22,12,25.333333333333332,113.85767790262172,267,124,39,23,16,46.441947565543074,14.606741573033707,7.794871794871795,2,0,0
DB Ravi Teja,375,325,25,20,18.75,115.38461538461537,325,124,44,35,9,38.15384615384615,13.538461538461538,8.522727272727273,4,1,0
DE Bollinger,21,23,4,1,21.0,91.30434782608695,23,11,2,1,1,47.82608695652174,8.695652173913043,10.5,0,0,0
DG Nalkande,12,12,2,2,6.0,100.0,12,5,1,0,1,41.66666666666667,8.333333333333332,12.0,0,0,0
DH Yagnik,170,142,17,9,18.88888888888889,119.71830985915493,142,62,25,23,2,43.66197183098591,17.6056338028169,6.8,2,0,0
DJ Bravo,1560,1247,110,69,22.608695652173914,125.10024057738573,1247,498,186,120,66,39.93584603047314,14.91579791499599,8.387096774193548,10,5,0
DJ Harris,111,103,4,3,37.0,107.76699029126213,103,52,16,11,5,50.48543689320388,15.53398058252427,6.9375,2,0,0
DJ Hooda,1466,1170,96,77,19.038961038961038,125.2991452991453,1170,402,157,96,61,34.35897435897436,13.418803418803419,9.337579617834395,6,8,0
DJ Hussey,1322,1101,61,49,26.979591836734695,120.07266121707538,1101,425,150,90,60,38.60127157129882,13.623978201634879,8.813333333333333,14,5,0
DJ Jacobs,92,101,7,7,13.142857142857142,91.0891089108911,101,62,14,10,4,61.386138613861384,13.861386138613863,6.571428571428571,1,0,0
DJ Malan,26,26,1,1,26.0,100.0,26,10,2,1,1,38.46153846153847,7.6923076923076925,13.0,0,0,0
DJ Mitchell,351,274,15,13,27.0,128.1021897810219,274,82,38,28,10,29.927007299270077,13.86861313868613,9.236842105263158,2,2,0
DJ Muthuswami,1,3,1,1,1.0,33.33333333333333,3,2,0,0,0,66.66666666666666,0.0,1.0,0,0,0
DJ Thornely,39,54,4,3,13.0,72.22222222222221,54,31,4,2,2,57.407407407407405,7.4074074074074066,9.75,1,0,0
DJ Willey,53,64,5,3,17.666666666666668,82.8125,64,36,7,7,0,56.25,10.9375,7.571428571428571,0,0,0
DJG Sammy,295,251,20,15,19.666666666666668,117.52988047808766,251,108,33,15,18,43.02788844621514,13.147410358565736,8.93939393939394,0,1,0
DJM Short,115,102,7,7,16.428571428571427,112.74509803921569,102,48,16,11,5,47.05882352941176,15.686274509803921,7.1875,2,0,0
DL Chahar,80,61,12,7,11.428571428571429,131.14754098360655,61,24,8,2,6,39.34426229508197,13.114754098360656,10.0,1,0,0
DL Vettori,121,118,16,7,17.285714285714285,102.54237288135593,118,46,13,11,2,38.983050847457626,11.016949152542372,9.307692307692308,0,0,0
DM Bravo,6,5,1,0,6.0,120.0,5,2,1,1,0,40.0,20.0,6.0,0,0,0
DNT Zoysa,11,9,2,1,11.0,122.22222222222223,9,3,1,1,0,33.33333333333333,11.11111111111111,11.0,0,0,0
DP Conway,924,669,22,20,46.2,138.11659192825113,669,237,130,100,30,35.42600896860987,19.43198804185351,7.107692307692307,5,9,0
DP Nannes,4,13,2,1,4.0,30.76923076923077,13,9,0,0,0,69.23076923076923,0.0,4.0,0,0,0
DP Vijaykumar,1,1,1,0,1.0,100.0,1,0,0,0,0,0.0,0.0,1.0,0,0,0
DPMD Jayawardene,1808,1522,78,64,28.25,118.7910643889619,1522,619,240,200,40,40.67017082785808,15.768725361366624,7.533333333333333,12,10,1
DR Martyn,19,26,1,2,9.5,73.07692307692307,26,10,1,1,0,38.46153846153847,3.8461538461538463,19.0,0,0,0
DR Sams,44,48,13,10,4.4,91.66666666666666,48,26,4,1,3,54.166666666666664,8.333333333333332,11.0,0,0,0
DR Shorey,13,20,2,2,6.5,65.0,20,12,1,0,1,60.0,5.0,13.0,0,0,0
DR Smith,2385,1803,88,81,29.444444444444443,132.27953410981698,1803,832,362,245,117,46.1453133666112,20.077648363838048,6.588397790055248,18,17,0
DS Kulkarni,104,113,20,9,11.555555555555555,92.03539823008849,113,50,9,7,2,44.24778761061947,7.964601769911504,11.555555555555555,0,0,0
DS Lehmann,18,19,2,2,9.0,94.73684210526315,19,10,3,3,0,52.63157894736842,15.789473684210526,6.0,0,0,0
DT Christian,460,408,41,28,16.428571428571427,112.74509803921569,408,145,42,23,19,35.53921568627451,10.294117647058822,10.952380952380953,2,0,0
DT Patil,13,13,2,1,13.0,100.0,13,5,1,1,0,38.46153846153847,7.6923076923076925,13.0,0,0,0
DW Steyn,167,163,33,22,7.590909090909091,102.45398773006136,163,72,17,14,3,44.171779141104295,10.429447852760736,9.823529411764707,0,0,0
Dhruv Jurel,347,237,22,13,26.692307692307693,146.41350210970467,237,74,45,29,16,31.223628691983123,18.9873417721519,7.711111111111111,3,2,0
E Lewis,654,499,26,24,27.25,131.06212424849699,499,234,98,62,36,46.893787575150306,19.639278557114228,6.673469387755102,6,4,0
EJG Morgan,1406,1181,74,61,23.049180327868854,119.05165114309906,1181,512,176,112,64,43.353090601185436,14.902624894157492,7.988636363636363,14,5,0
ER Dwivedi,24,15,2,2,12.0,160.0,15,7,4,2,2,46.666666666666664,26.666666666666668,6.0,0,0,0
F Behardien,14,13,3,2,7.0,107.6923076923077,13,5,2,2,0,38.46153846153847,15.384615384615385,7.0,0,0,0
F du Plessis,4571,3435,138,125,36.568,133.07132459970887,3435,1219,588,422,166,35.48762736535662,17.117903930131003,7.773809523809524,29,37,0
FA Allen,14,19,3,2,7.0,73.68421052631578,19,9,1,1,0,47.368421052631575,5.263157894736842,14.0,0,0,0
FH Edwards,4,5,2,1,4.0,80.0,5,3,0,0,0,60.0,0.0,4.0,0,0,0
FY Fazal,183,179,11,9,20.333333333333332,102.23463687150837,179,74,23,22,1,41.340782122905026,12.849162011173185,7.956521739130435,3,0,0
Fazalhaq Farooqi,3,13,2,0,3.0,23.076923076923077,13,10,0,0,0,76.92307692307693,0.0,3.0,0,0,0
G Coetzee,14,22,5,4,3.5,63.63636363636363,22,13,1,0,1,59.09090909090909,4.545454545454546,14.0,0,0,0
G Gambhir,4217,3524,151,135,31.237037037037037,119.66515323496027,3524,1357,551,492,59,38.50737797956867,15.635641316685584,7.653357531760435,22,36,0
GB Hogg,22,22,4,2,11.0,100.0,22,5,1,1,0,22.727272727272727,4.545454545454546,22.0,0,0,0
GC Smith,739,691,29,30,24.633333333333333,106.9464544138929,691,320,103,94,9,46.30969609261939,14.905933429811865,7.174757281553398,5,4,0
GC Viljoen,3,7,3,2,1.5,42.857142857142854,7,5,0,0,0,71.42857142857143,0.0,3.0,0,0,0
GD McGrath,4,5,2,1,4.0,80.0,5,4,1,1,0,80.0,20.0,4.0,0,0,0
GD Phillips,65,55,8,7,9.285714285714286,118.18181818181819,55,32,9,3,6,58.18181818181818,16.363636363636363,7.222222222222222,0,0,0
GH Vihari,284,331,23,20,14.2,85.80060422960725,331,146,24,23,1,44.10876132930513,7.250755287009064,11.833333333333334,3,0,0
GHS Garton,2,4,2,1,2.0,50.0,4,2,0,0,0,50.0,0.0,2.0,0,0,0
GJ Bailey,663,552,36,29,22.862068965517242,120.1086956521739,552,207,78,59,19,37.5,14.130434782608695,8.5,6,2,0
GJ Maxwell,2772,1842,128,111,24.972972972972972,150.4885993485342,1842,704,393,233,160,38.219326818675356,21.335504885993487,7.0534351145038165,19,18,0
GR Napier,15,16,1,1,15.0,93.75,16,7,1,1,0,43.75,6.25,15.0,0,0,0
Gulbadin Naib,19,15,1,1,19.0,126.66666666666666,15,4,2,1,1,26.666666666666668,13.333333333333334,9.5,0,0,0
Gurkeerat Singh,511,436,32,27,18.925925925925927,117.20183486238531,436,170,66,55,11,38.99082568807339,15.137614678899084,7.742424242424242,1,2,0
H Das,2,5,1,1,2.0,40.0,5,3,0,0,0,60.0,0.0,2.0,0,0,0
H Klaasen,993,613,32,26,38.19230769230769,161.99021207177816,613,167,120,56,64,27.24306688417618,19.575856443719413,8.275,8,6,1
HC Brook,190,159,11,9,21.11111111111111,119.49685534591194,159,70,27,23,4,44.0251572327044,16.9811320754717,7.037037037037037,0,0,1
HE van der Dussen,22,25,3,2,11.0,88.0,25,12,2,2,0,48.0,8.0,11.0,0,0,0
HF Gurney,1,5,1,0,1.0,20.0,5,4,0,0,0,80.0,0.0,1.0,0,0,0
HH Gibbs,886,837,36,32,27.6875,105.8542413381123,837,410,114,83,31,48.98446833930705,13.620071684587815,7.771929824561403,5,6,0
HH Pandya,2534,1814,128,89,28.471910112359552,139.69128996692393,1814,656,326,189,137,36.163175303197356,17.971334068357223,7.773006134969325,20,10,0
HM Amla,577,418,16,13,44.38461538461539,138.03827751196172,418,150,81,60,21,35.88516746411483,19.37799043062201,7.1234567901234565,1,3,2
HR Shokeen,66,67,5,3,22.0,98.50746268656717,67,33,9,9,0,49.25373134328358,13.432835820895523,7.333333333333333,0,0,0
HV Patel,249,214,37,26,9.576923076923077,116.35514018691589,214,99,31,16,15,46.26168224299065,14.485981308411214,8.03225806451613,2,0,0
Harbhajan Singh,833,636,88,56,14.875,130.9748427672956,636,285,121,79,42,44.81132075471698,19.025157232704405,6.884297520661157,5,1,0
Harmeet Singh,18,12,4,2,9.0,150.0,12,5,3,3,0,41.66666666666667,25.0,6.0,0,0,0
Harpreet Brar,233,201,24,12,19.416666666666668,115.92039800995025,201,85,28,19,9,42.28855721393035,13.930348258706468,8.321428571428571,0,0,0
Harpreet Singh,123,119,8,6,20.5,103.36134453781514,119,49,13,10,3,41.17647058823529,10.92436974789916,9.461538461538462,1,0,0
Harshit Rana,2,3,3,2,1.0,66.66666666666666,3,2,0,0,0,66.66666666666666,0.0,2.0,0,0,0
I Malhotra,7,4,1,0,7.0,175.0,4,0,1,1,0,0.0,25.0,7.0,0,0,0
I Sharma,57,71,21,7,8.142857142857142,80.28169014084507,71,39,6,4,2,54.929577464788736,8.450704225352112,9.5,0,0,0
I Udana,15,11,4,3,5.0,136.36363636363635,11,4,2,1,1,36.36363636363637,18.181818181818183,7.5,0,0,0
IC Pandey,0,2,1,1,0.0,0.0,2,2,0,0,0,100.0,0.0,0.0,0,0,0
IK Pathan,1150,985,82,53,21.69811320754717,116.75126903553299,985,373,126,88,38,37.86802030456853,12.791878172588833,9.126984126984127,9,1,0
IR Jaggi,76,100,7,5,15.2,76.0,100,51,6,6,0,51.0,6.0,12.666666666666666,0,0,0
IS Sodhi,7,18,2,2,3.5,38.88888888888889,18,11,0,0,0,61.111111111111114,0.0,7.0,0,0,0
Imran Tahir,33,37,8,4,8.25,89.1891891891892,37,21,5,5,0,56.75675675675676,13.513513513513514,6.6,0,0,0
Iqbal Abdulla,88,86,13,1,88.0,102.32558139534885,86,36,10,9,1,41.86046511627907,11.627906976744185,8.8,1,0,0
Ishan Kishan,2644,1991,99,91,29.054945054945055,132.79758915118032,1991,804,374,255,119,40.38171772978403,18.784530386740332,7.06951871657754,22,16,0
J Arunkumar,23,24,3,3,7.666666666666667,95.83333333333334,24,16,5,5,0,66.66666666666666,20.833333333333336,4.6,0,0,0
J Botha,409,364,28,22,18.59090909090909,112.36263736263736,364,138,44,39,5,37.91208791208791,12.087912087912088,9.295454545454545,3,1,0
J Fraser-McGurk,330,150,9,8,41.25,220.00000000000003,150,61,60,32,28,40.666666666666664,40.0,5.5,0,4,0
J Suchith,70,62,9,4,17.5,112.90322580645163,62,30,9,6,3,48.38709677419355,14.516129032258066,7.777777777777778,1,0,0
J Syed Mohammad,29,27,5,2,14.5,107.40740740740742,27,11,4,4,0,40.74074074074074,14.814814814814813,7.25,0,0,0
J Theron,10,13,4,2,5.0,76.92307692307693,13,6,1,1,0,46.15384615384615,7.6923076923076925,10.0,0,0,0
J Yadav,40,38,4,2,20.0,105.26315789473684,38,14,3,2,1,36.84210526315789,7.894736842105263,13.333333333333334,0,0,0
JA Morkel,975,712,67,40,24.375,136.93820224719101,712,252,116,61,55,35.39325842696629,16.292134831460675,8.405172413793103,4,3,0
JA Richardson,17,27,3,3,5.666666666666667,62.96296296296296,27,17,2,2,0,62.96296296296296,7.4074074074074066,8.5,0,0,0
JC Archer,199,132,23,13,15.307692307692308,150.75757575757575,132,47,25,11,14,35.60606060606061,18.939393939393938,7.96,0,0,0
JC Buttler,3583,2519,106,96,37.322916666666664,142.23898372369987,2519,1002,517,356,161,39.77768955934895,20.52401746724891,6.93036750483559,15,19,7
JD Ryder,604,466,29,29,20.82758620689655,129.6137339055794,466,200,88,69,19,42.91845493562232,18.88412017167382,6.863636363636363,4,4,0
JD Unadkat,197,170,27,14,14.071428571428571,115.88235294117648,170,70,23,16,7,41.17647058823529,13.529411764705882,8.565217391304348,0,0,0
JDP Oram,106,110,11,8,13.25,96.36363636363636,110,50,11,6,5,45.45454545454545,10.0,9.636363636363637,1,0,0
JDS Neesham,92,93,10,8,11.5,98.9247311827957,93,40,8,6,2,43.01075268817204,8.60215053763441,11.5,0,0,0
JE Root,10,15,1,1,10.0,66.66666666666666,15,8,1,1,0,53.333333333333336,6.666666666666667,10.0,0,0,0
JE Taylor,3,4,2,0,3.0,75.0,4,2,0,0,0,50.0,0.0,3.0,0,0,0
JEC Franklin,327,309,16,11,29.727272727272727,105.8252427184466,309,124,34,25,9,40.1294498381877,11.003236245954692,9.617647058823529,2,1,0
JH Kallis,2427,2291,95,89,27.269662921348313,105.93627237014405,2291,982,299,255,44,42.8633784373636,13.051069402007856,8.117056856187292,17,17,0
JJ Bumrah,68,80,26,8,8.5,85.0,80,37,6,5,1,46.25,7.5,11.333333333333334,0,0,0
JJ Roy,614,460,21,19,32.31578947368421,133.47826086956522,460,197,96,75,21,42.82608695652174,20.869565217391305,6.395833333333333,6,4,0
JJ van der Wath,18,17,3,2,9.0,105.88235294117648,17,8,2,1,1,47.05882352941176,11.76470588235294,9.0,0,0,0
JL Denly,0,1,1,1,0.0,0.0,1,1,0,0,0,100.0,0.0,0.0,0,0,0
JL Pattinson,15,13,2,1,15.0,115.38461538461537,13,4,2,2,0,30.76923076923077,15.384615384615385,7.5,0,0,0
JM Bairstow,1589,1132,50,48,33.104166666666664,140.37102473498234,1132,462,235,166,69,40.812720848056536,20.759717314487634,6.761702127659574,11,9,2
JM Kemp,26,25,2,2,13.0,104.0,25,11,2,1,1,44.0,8.0,13.0,0,0,0
JM Sharma,730,501,36,32,22.8125,145.70858283433134,501,192,98,53,45,38.32335329341318,19.560878243512974,7.448979591836735,8,0,0
JO Holder,259,217,27,21,12.333333333333334,119.35483870967742,217,98,31,13,18,45.16129032258064,14.285714285714285,8.35483870967742,1,0,0
JP Behrendorff,6,9,2,0,6.0,66.66666666666666,9,3,0,0,0,33.33333333333333,0.0,6.0,0,0,0
JP Duminy,2029,1680,75,49,41.40816326530612,120.77380952380952,1680,562,205,126,79,33.45238095238095,12.202380952380953,9.897560975609757,13,14,0
JP Faulkner,527,406,45,28,18.821428571428573,129.80295566502463,406,145,59,36,23,35.714285714285715,14.532019704433496,8.932203389830509,6,0,0
JPR Scantlebury-Searles,8,6,2,1,8.0,133.33333333333331,6,3,1,0,1,50.0,16.666666666666664,8.0,0,0,0
JR Hazlewood,19,29,6,0,19.0,65.51724137931035,29,14,1,1,0,48.275862068965516,3.4482758620689653,19.0,0,0,0
JR Hopes,417,314,19,17,24.529411764705884,132.80254777070064,314,120,60,49,11,38.21656050955414,19.10828025477707,6.95,0,4,0
JR Philippe,78,80,5,4,19.5,97.5,80,38,10,9,1,47.5,12.5,7.8,2,0,0
Jaskaran Singh,8,11,4,2,4.0,72.72727272727273,11,5,0,0,0,45.45454545454545,0.0,8.0,0,0,0
Joginder Sharma,36,30,5,4,9.0,120.0,30,10,3,1,2,33.33333333333333,10.0,12.0,0,0,0
K Goel,218,239,16,14,15.571428571428571,91.21338912133892,239,130,26,17,9,54.39330543933054,10.87866108786611,8.384615384615385,1,0,0
K Gowtham,247,159,27,18,13.722222222222221,155.34591194968556,159,62,32,15,17,38.9937106918239,20.125786163522015,7.71875,1,0,0
K Kartikeya,9,13,2,2,4.5,69.23076923076923,13,7,1,1,0,53.84615384615385,7.6923076923076925,9.0,0,0,0
K Rabada,206,207,28,16,12.875,99.51690821256038,207,101,24,16,8,48.792270531400966,11.594202898550725,8.583333333333334,1,0,0
K Upadhyay,12,9,2,0,12.0,133.33333333333331,9,3,1,0,1,33.33333333333333,11.11111111111111,12.0,0,0,0
K Yadav,0,4,1,0,0.0,0.0,4,4,0,0,0,100.0,0.0,0.0,0,0,0
KA Jamieson,65,55,7,3,21.666666666666668,118.18181818181819,55,25,8,5,3,45.45454545454545,14.545454545454545,8.125,0,0,0
KA Maharaj,1,2,1,1,1.0,50.0,2,1,0,0,0,50.0,0.0,1.0,0,0,0
KA Pollard,3437,2447,168,129,26.643410852713178,140.45770331017573,2447,967,445,221,224,39.51777686963629,18.185533306089088,7.723595505617977,20,16,0
KAJ Roach,10,9,1,1,10.0,111.11111111111111,9,3,1,1,0,33.33333333333333,11.11111111111111,10.0,0,0,0
KB Arun Karthik,51,53,8,5,10.2,96.22641509433963,53,24,5,4,1,45.28301886792453,9.433962264150944,10.2,0,0,0
KC Cariappa,24,21,5,3,8.0,114.28571428571428,21,8,2,0,2,38.095238095238095,9.523809523809524,12.0,0,0,0
KC Sangakkara,1687,1424,68,69,24.44927536231884,118.4691011235955,1424,552,222,195,27,38.764044943820224,15.589887640449437,7.599099099099099,13,10,0
KD Karthik,4843,3687,233,189,25.624338624338623,131.35340385136968,3687,1329,627,466,161,36.04556550040684,17.005695687550855,7.7240829346092506,42,22,0
KH Pandya,1647,1287,107,74,22.256756756756758,127.97202797202797,1287,501,205,144,61,38.92773892773892,15.92851592851593,8.034146341463414,19,1,0
KJ Abbott,13,8,3,1,13.0,162.5,8,3,1,0,1,37.5,12.5,13.0,0,0,0
KK Ahmed,1,7,5,5,0.2,14.285714285714285,7,6,0,0,0,85.71428571428571,0.0,1.0,0,0,0
KK Cooper,116,70,12,9,12.88888888888889,165.71428571428572,70,29,17,9,8,41.42857142857143,24.285714285714285,6.823529411764706,1,0,0
KK Nair,1496,1192,68,65,23.015384615384615,125.503355704698,1192,470,200,161,39,39.42953020134228,16.778523489932887,7.48,10,10,0
KL Nagarkoti,22,34,7,4,5.5,64.70588235294117,34,17,1,1,0,50.0,2.941176470588235,22.0,0,0,0
KL Rahul,4689,3578,122,106,44.235849056603776,131.05086640581328,3578,1278,587,400,187,35.718278367803244,16.405813303521523,7.9880749574105625,19,37,4
KM Asif,0,2,1,1,0.0,0.0,2,2,0,0,0,100.0,0.0,0.0,0,0,0
KM Jadhav,1208,1012,81,54,22.37037037037037,119.36758893280633,1012,375,142,102,40,37.05533596837945,14.031620553359684,8.507042253521126,7,4,0
KMA Paul,18,26,5,4,4.5,69.23076923076923,26,17,2,1,1,65.38461538461539,7.6923076923076925,9.0,0,0,0
KMDN Kulasekara,5,3,1,0,5.0,166.66666666666669,3,1,1,1,0,33.33333333333333,33.33333333333333,5.0,0,0,0
KP Appanna,2,4,3,1,2.0,50.0,4,2,0,0,0,50.0,0.0,2.0,0,0,0
KP Pietersen,1001,758,36,29,34.51724137931034,132.05804749340368,758,290,131,91,40,38.258575197889186,17.282321899736147,7.641221374045801,10,4,1
KR Mayers,379,276,13,13,29.153846153846153,137.31884057971016,276,141,60,38,22,51.08695652173913,21.73913043478261,6.316666666666666,1,4,0
KR Sen,0,3,1,0,0.0,0.0,3,3,0,0,0,100.0,0.0,0.0,0,0,0
KS Bharat,199,168,8,7,28.428571428571427,118.45238095238095,168,62,20,12,8,36.904761904761905,11.904761904761903,9.95,2,1,0
KS Sharma,16,25,3,3,5.333333333333333,64.0,25,12,1,1,0,48.0,4.0,16.0,0,0,0
KS Williamson,2132,1734,76,59,36.13559322033898,122.95271049596307,1734,622,251,187,64,35.870818915801614,14.47520184544406,8.49402390438247,10,18,0
KV Sharma,351,306,39,25,14.04,114.70588235294117,306,125,37,20,17,40.849673202614376,12.091503267973856,9.486486486486486,2,0,0
KW Richardson,36,39,4,3,12.0,92.3076923076923,39,17,3,2,1,43.58974358974359,7.6923076923076925,12.0,0,0,0
Kamran Akmal,128,78,6,4,32.0,164.1025641025641,78,33,21,13,8,42.30769230769231,26.923076923076923,6.095238095238095,0,1,0
Kamran Khan,3,5,1,1,3.0,60.0,5,3,0,0,0,60.0,0.0,3.0,0,0,0
Karanveer Singh,12,17,4,1,12.0,70.58823529411765,17,9,1,1,0,52.94117647058824,5.88235294117647,12.0,0,0,0
Kartik Tyagi,13,16,6,4,3.25,81.25,16,7,1,1,0,43.75,6.25,13.0,0,0,0
Kuldeep Yadav,183,224,32,10,18.3,81.69642857142857,224,116,19,16,3,51.78571428571429,8.482142857142858,9.631578947368421,1,0,0
Kumar Kushagra,3,7,3,3,1.0,42.857142857142854,7,5,0,0,0,71.42857142857143,0.0,3.0,0,0,0
L Ablish,0,2,1,0,0.0,0.0,2,2,0,0,0,100.0,0.0,0.0,0,0,0
L Balaji,36,50,13,7,5.142857142857143,72.0,50,29,3,2,1,57.99999999999999,6.0,12.0,0,0,0
L Ronchi,34,37,5,3,11.333333333333334,91.8918918918919,37,26,7,6,1,70.27027027027027,18.91891891891892,4.857142857142857,0,0,0
L Wood,9,3,1,0,9.0,300.0,3,0,1,0,1,0.0,33.33333333333333,9.0,0,0,0
LA Carseldine,81,71,5,3,27.0,114.08450704225352,71,31,11,11,0,43.66197183098591,15.492957746478872,7.363636363636363,1,0,0
LA Pomersbach,302,251,16,11,27.454545454545453,120.3187250996016,251,109,38,25,13,43.42629482071713,15.139442231075698,7.947368421052632,2,1,0
LB Williams,1,2,1,0,1.0,50.0,2,1,0,0,0,50.0,0.0,1.0,0,0,0
LE Plunkett,1,3,2,1,1.0,33.33333333333333,3,2,0,0,0,66.66666666666666,0.0,1.0,0,0,0
LH Ferguson,68,48,7,4,17.0,141.66666666666669,48,14,8,6,2,29.166666666666668,16.666666666666664,8.5,0,0,0
LJ Wright,106,63,5,4,26.5,168.25396825396825,63,22,19,16,3,34.92063492063492,30.158730158730158,5.578947368421052,2,0,0
LMP Simmons,1079,878,29,27,39.96296296296296,122.89293849658314,878,402,153,109,44,45.78587699316628,17.425968109339408,7.052287581699346,5,11,1
LPC Silva,40,27,3,2,20.0,148.14814814814815,27,10,6,5,1,37.03703703703704,22.22222222222222,6.666666666666667,0,0,0
LR Shukla,405,358,33,29,13.96551724137931,113.12849162011173,358,152,49,33,16,42.45810055865922,13.687150837988826,8.26530612244898,3,0,0
LRPL Taylor,1017,847,54,41,24.804878048780488,120.07083825265643,847,334,112,66,46,39.43329397874852,13.223140495867769,9.080357142857142,8,3,0
LS Livingstone,939,609,39,33,28.454545454545453,154.1871921182266,609,225,132,66,66,36.94581280788177,21.67487684729064,7.113636363636363,5,6,0
Lalit Yadav,305,301,21,15,20.333333333333332,101.32890365448506,301,129,34,27,7,42.857142857142854,11.295681063122924,8.970588235294118,3,0,0
Liton Das,4,4,1,1,4.0,100.0,4,3,1,1,0,75.0,25.0,4.0,0,0,0
M Ashwin,35,50,12,8,4.375,70.0,50,27,3,2,1,54.0,6.0,11.666666666666666,0,0,0
M Jansen,66,71,12,8,8.25,92.95774647887323,71,34,7,5,2,47.88732394366197,9.859154929577464,9.428571428571429,0,0,0
M Kaif,259,258,22,16,16.1875,100.3875968992248,258,120,28,22,6,46.51162790697674,10.852713178294573,9.25,2,0,0
M Kartik,113,109,14,7,16.142857142857142,103.6697247706422,109,32,8,7,1,29.357798165137616,7.339449541284404,14.125,0,0,0
M Klinger,73,78,4,4,18.25,93.58974358974359,78,36,9,9,0,46.15384615384615,11.538461538461538,8.11111111111111,0,0,0
M Manhas,514,486,38,24,21.416666666666668,105.76131687242798,486,197,53,43,10,40.534979423868315,10.905349794238683,9.69811320754717,5,0,0
M Markande,48,44,10,3,16.0,109.09090909090908,44,20,6,5,1,45.45454545454545,13.636363636363635,8.0,0,0,0
M Morkel,126,93,20,11,11.454545454545455,135.48387096774192,93,35,16,11,5,37.634408602150536,17.20430107526882,7.875,0,0,0
M Muralitharan,20,30,9,6,3.3333333333333335,66.66666666666666,30,17,1,1,0,56.666666666666664,3.3333333333333335,20.0,0,0,0
M Ntini,11,19,2,1,11.0,57.89473684210527,19,15,2,2,0,78.94736842105263,10.526315789473683,5.5,0,0,0
M Prasidh Krishna,9,24,7,2,4.5,37.5,24,15,0,0,0,62.5,0.0,9.0,0,0,0
M Rawat,55,70,11,5,11.0,78.57142857142857,70,34,5,4,1,48.57142857142857,7.142857142857142,11.0,0,0,0
M Shahrukh Khan,553,413,37,25,22.12,133.89830508474577,413,170,72,35,37,41.162227602905574,17.433414043583532,7.680555555555555,3,1,0
M Theekshana,7,7,2,1,7.0,100.0,7,5,1,0,1,71.42857142857143,14.285714285714285,7.0,0,0,0
M Vijay,2619,2208,105,97,27.0,118.61413043478262,2208,987,338,247,91,44.70108695652174,15.307971014492756,7.7485207100591715,21,13,2
M Vohra,1083,863,51,48,22.5625,125.49246813441484,863,393,147,104,43,45.538818076477405,17.033603707995365,7.36734693877551,12,3,0
M de Lange,1,2,1,1,1.0,50.0,2,1,0,0,0,50.0,0.0,1.0,0,0,0
MA Agarwal,2669,2081,121,116,23.00862068965517,128.25564632388276,2081,833,363,265,98,40.02883229216722,17.443536761172513,7.352617079889807,18,13,1
MA Khote,24,22,3,2,12.0,109.09090909090908,22,10,3,2,1,45.45454545454545,13.636363636363635,8.0,0,0,0
MA Starc,105,109,16,8,13.125,96.3302752293578,109,46,11,11,0,42.201834862385326,10.091743119266056,9.545454545454545,0,0,0
MA Wood,12,10,3,2,6.0,120.0,10,6,2,1,1,60.0,20.0,6.0,0,0,0
MC Henriques,1000,801,54,38,26.31578947368421,124.84394506866417,801,284,115,87,28,35.45568039950062,14.357053682896378,8.695652173913043,7,5,0
MC Juneja,125,134,7,7,17.857142857142858,93.28358208955224,134,54,12,11,1,40.298507462686565,8.955223880597014,10.416666666666666,1,0,0
MD Mishra,237,213,17,15,15.8,111.26760563380283,213,102,32,24,8,47.88732394366197,15.023474178403756,7.40625,2,0,0
MD Shanaka,26,26,3,2,13.0,100.0,26,12,3,2,1,46.15384615384615,11.538461538461538,8.666666666666666,0,0,0
MDKJ Perera,14,13,2,2,7.0,107.6923076923077,13,8,3,3,0,61.53846153846154,23.076923076923077,4.666666666666667,0,0,0
MEK Hussey,1977,1648,58,52,38.01923076923077,119.96359223300972,1648,643,250,198,52,39.01699029126214,15.169902912621358,7.908,12,15,1
MF Maharoof,177,124,14,10,17.7,142.74193548387098,124,44,21,12,9,35.483870967741936,16.93548387096774,8.428571428571429,1,0,0
MG Bracewell,58,49,4,2,29.0,118.36734693877551,49,17,7,6,1,34.69387755102041,14.285714285714285,8.285714285714286,0,0,0
MG Johnson,167,168,28,14,11.928571428571429,99.40476190476191,168,80,17,10,7,47.61904761904761,10.119047619047619,9.823529411764707,0,0,0
MJ Clarke,98,96,6,6,16.333333333333332,102.08333333333333,96,43,12,12,0,44.79166666666667,12.5,8.166666666666666,1,0,0
MJ Guptill,271,197,13,12,22.583333333333332,137.56345177664974,197,88,39,24,15,44.67005076142132,19.796954314720814,6.948717948717949,4,1,0
MJ Lumb,278,198,12,10,27.8,140.4040404040404,198,96,51,45,6,48.484848484848484,25.757575757575758,5.450980392156863,4,1,0
MJ McClenaghan,85,73,20,11,7.7272727272727275,116.43835616438356,73,39,12,5,7,53.42465753424658,16.43835616438356,7.083333333333333,0,0,0
MJ Santner,70,77,11,6,11.666666666666666,90.9090909090909,77,38,7,4,3,49.35064935064935,9.090909090909092,10.0,0,0,0
MJ Suthar,1,2,1,1,1.0,50.0,2,1,0,0,0,50.0,0.0,1.0,0,0,0
MK Lomror,527,389,35,30,17.566666666666666,135.47557840616966,389,136,63,33,30,34.96143958868895,16.195372750642672,8.365079365079366,6,1,0
MK Pandey,3859,3288,158,133,29.015037593984964,117.36618004866179,3288,1247,446,335,111,37.92579075425791,13.564476885644769,8.652466367713005,29,22,1
MK Tiwary,1695,1489,83,61,27.78688524590164,113.83478844862324,1489,571,196,156,40,38.34788448623237,13.163196776359973,8.64795918367347,18,7,0
ML Hayden,1107,839,32,28,39.535714285714285,131.94278903456495,839,367,165,121,44,43.74255065554231,19.66626936829559,6.709090909090909,9,8,0
MM Ali,1162,849,57,49,23.714285714285715,136.86690223792698,849,346,162,95,67,40.753828032979975,19.081272084805654,7.172839506172839,9,6,0
MM Patel,39,41,12,5,7.8,95.1219512195122,41,18,5,5,0,43.90243902439025,12.195121951219512,7.8,0,0,0
MM Sharma,124,137,28,16,7.75,90.51094890510949,137,69,13,9,4,50.36496350364964,9.48905109489051,9.538461538461538,0,0,0
MN Samuels,161,174,14,12,13.416666666666666,92.52873563218391,174,86,16,9,7,49.42528735632184,9.195402298850574,10.0625,2,0,0
MN van Wyk,167,135,5,3,55.666666666666664,123.7037037037037,135,44,20,19,1,32.592592592592595,14.814814814814813,8.35,2,1,0
MP Stoinis,1866,1366,88,67,27.850746268656717,136.60322108345534,1366,501,241,150,91,36.67642752562226,17.642752562225475,7.742738589211618,11,9,1
MR Marsh,665,532,36,32,20.78125,125.0,532,227,86,48,38,42.66917293233083,16.165413533834585,7.732558139534884,4,3,0
MS Bisla,798,737,39,37,21.56756756756757,108.27679782903662,737,375,116,93,23,50.88195386702849,15.739484396200815,6.879310344827586,2,4,0
MS Dhoni,5243,3947,228,149,35.18791946308725,132.8350646060299,3947,1423,615,363,252,36.05269825183684,15.581454269065112,8.52520325203252,42,24,0
MS Gony,99,76,15,9,11.0,130.26315789473685,76,39,14,6,8,51.31578947368421,18.421052631578945,7.071428571428571,1,0,0
MS Wade,183,185,14,13,14.076923076923077,98.91891891891892,185,93,25,23,2,50.27027027027027,13.513513513513514,7.32,2,0,0
MV Boucher,394,318,23,15,26.266666666666666,123.89937106918238,318,116,45,32,13,36.477987421383645,14.150943396226415,8.755555555555556,5,1,0
MW Short,117,99,6,6,19.5,118.18181818181819,99,52,19,15,4,52.52525252525253,19.19191919191919,6.157894736842105,2,0,0
Mandeep Singh,1706,1418,97,85,20.070588235294117,120.31029619181946,1418,555,214,176,38,39.13963328631876,15.091678420310295,7.97196261682243,12,6,0
Mashrafe Mortaza,2,2,1,0,2.0,100.0,2,1,0,0,0,50.0,0.0,2.0,0,0,0
Mayank Dagar,0,1,1,0,0.0,0.0,1,1,0,0,0,100.0,0.0,0.0,0,0,0
Misbah-ul-Haq,117,82,8,9,13.0,142.6829268292683,82,31,16,10,6,37.80487804878049,19.51219512195122,7.3125,2,0,0
Mohammad Ashraful,2,12,1,1,2.0,16.666666666666664,12,10,0,0,0,83.33333333333334,0.0,2.0,0,0,0
Mohammad Asif,3,6,2,2,1.5,50.0,6,3,0,0,0,50.0,0.0,3.0,0,0,0
Mohammad Hafeez,64,84,8,8,8.0,76.19047619047619,84,51,9,7,2,60.71428571428571,10.714285714285714,7.111111111111111,0,0,0
Mohammad Nabi,221,157,19,17,13.0,140.76433121019107,157,60,30,18,12,38.21656050955414,19.10828025477707,7.366666666666666,1,0,0
Mohammed Shami,74,82,23,13,5.6923076923076925,90.2439024390244,82,41,8,6,2,50.0,9.75609756097561,9.25,0,0,0
Mohammed Siraj,109,122,20,10,10.9,89.34426229508196,122,68,14,10,4,55.73770491803278,11.475409836065573,7.785714285714286,0,0,0
Mohit Rathee,1,2,1,0,1.0,50.0,2,1,0,0,0,50.0,0.0,1.0,0,0,0
Mohsin Khan,25,27,5,2,12.5,92.5925925925926,27,15,3,2,1,55.55555555555556,11.11111111111111,8.333333333333334,0,0,0
Mujeeb Ur Rahman,12,15,6,3,4.0,80.0,15,9,2,2,0,60.0,13.333333333333334,6.0,0,0,0
Mukesh Choudhary,6,6,2,0,6.0,100.0,6,3,1,1,0,50.0,16.666666666666664,6.0,0,0,0
Mukesh Kumar,10,20,5,1,10.0,50.0,20,10,0,0,0,50.0,0.0,10.0,0,0,0
Mustafizur Rahman,13,23,6,1,13.0,56.52173913043478,23,15,1,0,1,65.21739130434783,4.3478260869565215,13.0,0,0,0
N Jagadeesan,162,155,10,9,18.0,104.51612903225806,155,73,23,21,2,47.096774193548384,14.838709677419354,7.043478260869565,3,0,0
N Pooran,1769,1143,72,56,31.589285714285715,154.7681539807524,1143,421,240,113,127,36.832895888014,20.99737532808399,7.370833333333334,21,9,0
N Rana,2636,2015,101,94,28.04255319148936,130.81885856079404,2015,835,366,234,132,41.43920595533499,18.16377171215881,7.202185792349726,17,18,0
N Saini,140,143,10,11,12.727272727272727,97.9020979020979,143,68,16,16,0,47.55244755244755,11.188811188811188,8.75,1,1,0
N Wadhera,350,261,16,15,23.333333333333332,134.09961685823754,261,107,50,32,18,40.99616858237548,19.157088122605366,7.0,3,2,0
ND Doshi,0,13,1,1,0.0,0.0,13,13,0,0,0,100.0,0.0,0.0,0,0,0
NJ Maddinson,20,21,3,3,6.666666666666667,95.23809523809523,21,15,4,4,0,71.42857142857143,19.047619047619047,5.0,0,0,0
NJ Rimmington,1,1,1,0,1.0,100.0,1,0,0,0,0,0.0,0.0,1.0,0,0,0
NK Patel,121,124,6,5,24.2,97.58064516129032,124,61,15,14,1,49.193548387096776,12.096774193548388,8.066666666666666,1,1,0
NL McCullum,26,23,2,3,8.666666666666666,113.04347826086956,23,8,1,0,1,34.78260869565217,4.3478260869565215,26.0,0,0,0
NLTC Perera,424,326,30,24,17.666666666666668,130.06134969325154,326,129,49,23,26,39.57055214723926,15.030674846625766,8.653061224489797,5,0,0
NM Coulter-Nile,82,75,16,10,8.2,109.33333333333333,75,39,11,7,4,52.0,14.666666666666666,7.454545454545454,0,0,0
NS Naik,31,53,4,4,7.75,58.490566037735846,53,31,2,2,0,58.490566037735846,3.7735849056603774,15.5,0,0,0
NT Ellis,19,26,5,4,4.75,73.07692307692307,26,14,1,0,1,53.84615384615385,3.8461538461538463,19.0,0,0,0
NV Ojha,1554,1360,94,74,21.0,114.26470588235293,1360,648,200,121,79,47.647058823529406,14.705882352941178,7.77,5,6,0
Naman Dhir,140,84,7,6,23.333333333333332,166.66666666666669,84,35,22,12,10,41.66666666666667,26.190476190476193,6.363636363636363,1,1,0
Navdeep Saini,33,38,7,4,8.25,86.8421052631579,38,17,3,3,0,44.73684210526316,7.894736842105263,11.0,0,0,0
Naveen-ul-Haq,18,26,4,2,9.0,69.23076923076923,26,16,2,2,0,61.53846153846154,7.6923076923076925,9.0,0,0,0
Nithish Kumar Reddy,303,221,11,9,33.666666666666664,137.10407239819006,221,82,36,15,21,37.10407239819005,16.289592760180994,8.416666666666666,2,2,0
Noor Ahmad,13,18,5,4,3.25,72.22222222222221,18,11,2,2,0,61.111111111111114,11.11111111111111,6.5,0,0,0
OA Shah,506,405,22,13,38.92307692307692,124.93827160493827,405,149,57,34,23,36.79012345679013,14.074074074074074,8.87719298245614,2,4,0
OC McCoy,8,5,1,0,8.0,160.0,5,2,1,0,1,40.0,20.0,8.0,0,0,0
OF Smith,51,50,6,3,17.0,102.0,50,29,6,1,5,57.99999999999999,12.0,8.5,0,0,0
P Awana,5,14,5,3,1.6666666666666667,35.714285714285715,14,9,0,0,0,64.28571428571429,0.0,5.0,0,0,0
P Chopra,8,6,1,1,8.0,133.33333333333331,6,4,2,2,0,66.66666666666666,33.33333333333333,4.0,0,0,0
P Dogra,127,141,12,12,10.583333333333334,90.0709219858156,141,63,9,4,5,44.680851063829785,6.382978723404255,14.11111111111111,1,0,0
P Dubey,23,33,2,1,23.0,69.6969696969697,33,17,2,2,0,51.515151515151516,6.0606060606060606,11.5,0,0,0
P Kumar,340,323,57,34,10.0,105.26315789473684,323,158,39,22,17,48.91640866873065,12.074303405572756,8.717948717948717,1,0,0
P Negi,365,301,35,26,14.038461538461538,121.26245847176081,301,124,43,27,16,41.19601328903654,14.285714285714285,8.488372093023257,3,0,0
P Parameswaran,1,3,2,0,1.0,33.33333333333333,3,2,0,0,0,66.66666666666666,0.0,1.0,0,0,0
P Ray Barman,19,25,1,1,19.0,76.0,25,12,2,2,0,48.0,8.0,9.5,0,0,0
P Sahu,19,13,2,0,19.0,146.15384615384613,13,4,2,1,1,30.76923076923077,15.384615384615385,9.5,0,0,0
P Simran Singh,756,528,34,35,21.6,143.1818181818182,528,241,119,78,41,45.64393939393939,22.53787878787879,6.352941176470588,5,3,1
PA Patel,2848,2442,136,127,22.4251968503937,116.62571662571663,2442,1081,414,365,49,44.26699426699427,16.953316953316953,6.879227053140097,24,13,0
PA Reddy,164,167,10,10,16.4,98.20359281437125,167,72,17,15,2,43.11377245508982,10.179640718562874,9.647058823529411,1,0,0
PBB Rajapaksa,277,201,13,12,23.083333333333332,137.81094527363186,201,80,37,22,15,39.800995024875625,18.407960199004975,7.486486486486487,4,1,0
PC Valthaty,505,432,23,22,22.954545454545453,116.89814814814814,432,230,81,61,20,53.24074074074075,18.75,6.234567901234568,2,2,1
PD Collingwood,203,159,7,4,50.75,127.67295597484276,159,60,22,9,13,37.735849056603776,13.836477987421384,9.227272727272727,0,3,0
PD Salt,653,385,21,20,32.65,169.6103896103896,385,144,108,74,34,37.4025974025974,28.05194805194805,6.046296296296297,3,6,0
PJ Cummins,515,359,39,29,17.75862068965517,143.4540389972145,359,150,67,33,34,41.78272980501393,18.662952646239557,7.686567164179104,4,3,0
PJ Sangwan,26,47,14,8,3.25,55.319148936170215,47,27,1,1,0,57.446808510638306,2.127659574468085,26.0,0,0,0
PK Garg,273,247,19,19,14.368421052631579,110.5263157894737,247,94,25,16,9,38.05668016194332,10.121457489878543,10.92,1,1,0
PM Sarvesh Kumar,1,2,1,0,1.0,50.0,2,1,0,0,0,50.0,0.0,1.0,0,0,0
PN Mankad,97,75,5,3,32.333333333333336,129.33333333333331,75,32,15,13,2,42.66666666666667,20.0,6.466666666666667,0,1,0
PP Chawla,624,580,86,57,10.947368421052632,107.58620689655172,580,263,76,56,20,45.3448275862069,13.10344827586207,8.210526315789474,0,0,0
PP Ojha,16,45,19,10,1.6,35.55555555555556,45,30,0,0,0,66.66666666666666,0.0,16.0,0,0,0
PP Shaw,1892,1321,79,77,24.571428571428573,143.22482967448903,1321,522,299,238,61,39.51551854655564,22.63436790310371,6.327759197324415,11,14,0
PR Shah,92,97,9,8,11.5,94.84536082474226,97,50,11,9,2,51.546391752577314,11.34020618556701,8.363636363636363,0,0,0
PSP Handscomb,6,12,1,1,6.0,50.0,12,6,0,0,0,50.0,0.0,6.0,0,0,0
PV Tambe,18,39,6,1,18.0,46.15384615384615,39,24,1,1,0,61.53846153846154,2.564102564102564,18.0,0,0,0
PVD Chameera,43,32,7,3,14.333333333333334,134.375,32,16,6,3,3,50.0,18.75,7.166666666666667,0,0,0
PWH de Silva,72,80,14,11,6.545454545454546,90.0,80,40,8,7,1,50.0,10.0,9.0,0,0,0
Pankaj Singh,7,12,5,2,3.5,58.333333333333336,12,6,0,0,0,50.0,0.0,7.0,0,0,0
Parvez Rasool,17,20,4,2,8.5,85.0,20,7,1,1,0,35.0,5.0,17.0,0,0,0
Q de Kock,3160,2410,107,101,31.287128712871286,131.12033195020746,2410,966,439,316,123,40.08298755186722,18.21576763485477,7.198177676537585,16,23,2
R Ashwin,800,698,89,59,13.559322033898304,114.61318051575931,698,267,89,61,28,38.25214899713467,12.750716332378223,8.98876404494382,4,1,0
R Bhatia,342,290,47,29,11.793103448275861,117.9310344827586,290,110,37,24,13,37.93103448275862,12.758620689655173,9.243243243243244,0,0,0
R Bishnoi,19,17,3,3,6.333333333333333,111.76470588235294,17,11,3,1,2,64.70588235294117,17.647058823529413,6.333333333333333,0,0,0
R Dhawan,210,188,22,10,21.0,111.70212765957446,188,85,25,18,7,45.21276595744681,13.297872340425531,8.4,0,0,0
R Dravid,2174,1918,82,77,28.233766233766232,113.34723670490095,1918,819,297,269,28,42.700729927007295,15.48488008342023,7.31986531986532,21,11,0
R McLaren,159,178,13,8,19.875,89.32584269662921,178,76,15,14,1,42.69662921348314,8.426966292134832,10.6,1,1,0
R Ninan,3,6,1,1,3.0,50.0,6,3,0,0,0,50.0,0.0,3.0,0,0,0
R Parag,1173,909,58,47,24.95744680851064,129.04290429042905,909,344,144,84,60,37.843784378437846,15.841584158415841,8.145833333333334,8,6,0
R Powell,360,254,22,20,18.0,141.73228346456693,254,111,49,21,28,43.7007874015748,19.291338582677163,7.346938775510204,4,1,0
R Rampaul,51,52,7,5,10.2,98.07692307692307,52,26,5,3,2,50.0,9.615384615384617,10.2,0,0,0
R Ravindra,222,146,10,9,24.666666666666668,152.05479452054794,146,56,34,22,12,38.35616438356164,23.28767123287671,6.529411764705882,2,1,0
R Sai Kishore,13,6,1,1,13.0,216.66666666666666,6,3,2,0,2,50.0,33.33333333333333,6.5,0,0,0
R Sanjay Yadav,0,2,1,1,0.0,0.0,2,2,0,0,0,100.0,0.0,0.0,0,0,0
R Sathish,270,236,24,16,16.875,114.40677966101696,236,92,28,22,6,38.983050847457626,11.864406779661017,9.642857142857142,0,0,0
R Sharma,66,77,19,11,6.0,85.71428571428571,77,48,8,5,3,62.33766233766234,10.38961038961039,8.25,0,0,0
R Shepherd,115,68,9,6,19.166666666666668,169.11764705882354,68,29,17,7,10,42.64705882352941,25.0,6.764705882352941,1,0,0
R Shukla,19,23,4,2,9.5,82.6086956521739,23,10,2,2,0,43.47826086956522,8.695652173913043,9.5,0,0,0
R Tewatia,1013,788,65,43,23.558139534883722,128.55329949238578,788,310,131,84,47,39.340101522842644,16.624365482233504,7.732824427480916,11,1,0
R Vinay Kumar,310,289,42,26,11.923076923076923,107.26643598615917,289,118,30,21,9,40.830449826989614,10.380622837370241,10.333333333333334,0,0,0
RA Bawa,11,14,2,2,5.5,78.57142857142857,14,7,1,1,0,50.0,7.142857142857142,11.0,0,0,0
RA Jadeja,2959,2378,180,114,25.95614035087719,124.4322960470984,2378,824,322,215,107,34.65096719932716,13.540790580319594,9.18944099378882,22,3,0
RA Tripathi,2236,1650,93,81,27.604938271604937,135.51515151515153,1650,622,307,223,84,37.696969696969695,18.606060606060606,7.283387622149837,20,12,0
RD Chahar,129,127,22,16,8.0625,101.5748031496063,127,70,18,13,5,55.118110236220474,14.173228346456693,7.166666666666667,0,0,0
RD Gaikwad,2380,1781,65,56,42.5,133.63279056709715,1781,638,308,217,91,35.82257158899495,17.29365524985963,7.7272727272727275,16,18,2
RE Levi,83,74,6,6,13.833333333333334,112.16216216216218,74,41,14,10,4,55.4054054054054,18.91891891891892,5.928571428571429,0,1,0
RE van der Merwe,159,144,15,12,13.25,110.41666666666667,144,66,19,11,8,45.83333333333333,13.194444444444445,8.368421052631579,2,0,0
RG More,2,2,1,0,2.0,100.0,2,0,0,0,0,0.0,0.0,2.0,0,0,0
RG Sharma,6630,5183,251,232,28.57758620689655,127.91819409608335,5183,2036,880,599,281,39.28226895620297,16.978583831757668,7.534090909090909,49,43,2
RJ Gleeson,2,2,1,0,2.0,100.0,2,1,0,0,0,50.0,0.0,2.0,0,0,0
RJ Harris,117,112,21,12,9.75,104.46428571428572,112,46,9,6,3,41.07142857142857,8.035714285714286,13.0,0,0,0
RJ Peterson,32,32,5,3,10.666666666666666,100.0,32,15,4,3,1,46.875,12.5,8.0,0,0,0
RJ Quiney,103,105,7,7,14.714285714285714,98.09523809523809,105,57,15,12,3,54.285714285714285,14.285714285714285,6.866666666666666,0,1,0
RJW Topley,3,6,1,0,3.0,50.0,6,3,0,0,0,50.0,0.0,3.0,0,0,0
RK Bhui,10,27,4,4,2.5,37.03703703703704,27,19,0,0,0,70.37037037037037,0.0,10.0,0,0,0
RK Singh,893,654,40,29,30.79310344827586,136.54434250764527,654,237,113,67,46,36.23853211009174,17.2782874617737,7.902654867256637,7,4,0
RM Patidar,799,534,24,24,33.291666666666664,149.625468164794,534,190,105,51,54,35.580524344569284,19.662921348314608,7.609523809523809,5,7,1
RN ten Doeschate,326,238,21,17,19.176470588235293,136.9747899159664,238,80,41,26,15,33.61344537815126,17.22689075630252,7.951219512195122,3,1,0
RP Meredith,0,3,2,1,0.0,0.0,3,3,0,0,0,100.0,0.0,0.0,0,0,0
RP Singh,52,78,28,15,3.466666666666667,66.66666666666666,78,41,3,2,1,52.56410256410257,3.8461538461538463,17.333333333333332,0,0,0
RR Bhatkal,0,2,1,2,0.0,0.0,2,2,0,0,0,100.0,0.0,0.0,0,0,0
RR Pant,3297,2296,110,96,34.34375,143.59756097560975,2296,812,452,298,154,35.36585365853659,19.686411149825783,7.29424778761062,31,18,1
RR Powar,67,64,9,3,22.333333333333332,104.6875,64,27,7,6,1,42.1875,10.9375,9.571428571428571,0,0,0
RR Raje,20,18,5,1,20.0,111.11111111111111,18,6,2,1,1,33.33333333333333,11.11111111111111,10.0,0,0,0
RR Rossouw,473,321,22,21,22.523809523809526,147.35202492211837,321,129,70,45,25,40.18691588785047,21.806853582554517,6.757142857142857,5,2,0
RR Sarwan,73,78,4,3,24.333333333333332,93.58974358974359,78,34,7,6,1,43.58974358974359,8.974358974358974,10.428571428571429,1,0,0
RS Bopara,531,468,22,19,27.94736842105263,113.46153846153845,468,175,55,39,16,37.39316239316239,11.752136752136751,9.654545454545454,3,3,0
RS Gavaskar,2,8,1,1,2.0,25.0,8,6,0,0,0,75.0,0.0,2.0,0,0,0
RS Sodhi,4,2,1,0,4.0,200.0,2,1,1,1,0,50.0,50.0,4.0,0,0,0
RT Ponting,91,129,9,8,11.375,70.54263565891473,129,69,7,5,2,53.48837209302325,5.426356589147287,13.0,0,0,0
RV Gomez,50,53,9,7,7.142857142857143,94.33962264150944,53,27,6,5,1,50.943396226415096,11.320754716981133,8.333333333333334,0,0,0
RV Patel,80,76,7,5,16.0,105.26315789473684,76,29,8,6,2,38.15789473684211,10.526315789473683,10.0,0,0,0
RV Uthappa,4954,3927,197,184,26.92391304347826,126.15227909345556,3927,1598,663,481,182,40.692640692640694,16.883116883116884,7.47209653092006,45,27,0
Rahmanullah Gurbaz,289,228,13,13,22.23076923076923,126.75438596491229,228,119,43,24,19,52.19298245614035,18.859649122807017,6.72093023255814,1,2,0
Ramandeep Singh,170,106,13,6,28.333333333333332,160.37735849056605,106,37,21,8,13,34.90566037735849,19.81132075471698,8.095238095238095,1,0,0
Rashid Khan,545,355,58,37,14.72972972972973,153.52112676056336,355,149,77,39,38,41.971830985915496,21.69014084507042,7.077922077922078,5,1,0
Rasikh Salam,40,40,6,5,8.0,100.0,40,19,5,5,0,47.5,12.5,8.0,0,0,0
Ravi Bishnoi,32,52,14,7,4.571428571428571,61.53846153846154,52,30,2,2,0,57.692307692307686,3.8461538461538463,16.0,0,0,0
S Anirudha,136,121,12,8,17.0,112.39669421487604,121,54,16,9,7,44.62809917355372,13.223140495867769,8.5,0,1,0
S Aravind,59,59,10,3,19.666666666666668,100.0,59,26,7,7,0,44.06779661016949,11.864406779661017,8.428571428571429,0,0,0
S Badree,13,25,5,5,2.6,52.0,25,14,0,0,0,56.00000000000001,0.0,13.0,0,0,0
S Badrinath,1441,1245,65,48,30.020833333333332,115.74297188755021,1245,493,182,154,28,39.598393574297184,14.61847389558233,7.917582417582418,12,11,0
S Chanderpaul,25,33,3,3,8.333333333333334,75.75757575757575,33,20,4,4,0,60.60606060606061,12.121212121212121,6.25,0,0,0
S Dhawan,6769,5483,221,194,34.891752577319586,123.45431333211745,5483,2136,921,768,153,38.9567754878716,16.797373700528908,7.3496199782844736,42,51,2
S Dube,1502,1077,61,50,30.04,139.46146703806872,1077,404,187,86,101,37.511606313834726,17.36304549675023,8.032085561497325,9,9,0
S Gopal,180,173,22,13,13.846153846153847,104.04624277456647,173,71,21,19,2,41.040462427745666,12.138728323699421,8.571428571428571,0,0,0
S Kaul,20,36,9,3,6.666666666666667,55.55555555555556,36,23,1,1,0,63.888888888888886,2.7777777777777777,20.0,0,0,0
S Kaushik,0,1,1,1,0.0,0.0,1,1,0,0,0,100.0,0.0,0.0,0,0,0
S Ladda,0,10,2,2,0.0,0.0,10,10,0,0,0,100.0,0.0,0.0,0,0,0
S Lamichhane,0,1,1,1,0.0,0.0,1,1,0,0,0,100.0,0.0,0.0,0,0,0
S Nadeem,39,88,20,16,2.4375,44.31818181818182,88,58,2,2,0,65.9090909090909,2.272727272727273,19.5,0,0,0
S Narwal,37,29,4,4,9.25,127.58620689655173,29,12,6,6,0,41.37931034482759,20.689655172413794,6.166666666666667,0,0,0
S Rana,91,82,8,5,18.2,110.97560975609757,82,33,10,9,1,40.243902439024396,12.195121951219512,9.1,0,0,0
S Randiv,2,4,1,1,2.0,50.0,4,3,0,0,0,75.0,0.0,2.0,0,0,0
S Sohal,368,311,20,18,20.444444444444443,118.32797427652733,311,158,52,34,18,50.80385852090033,16.720257234726688,7.076923076923077,4,2,0
S Sreesanth,34,57,12,3,11.333333333333334,59.64912280701754,57,43,6,6,0,75.43859649122807,10.526315789473683,5.666666666666667,0,0,0
S Sriram,31,38,2,2,15.5,81.57894736842105,38,18,3,3,0,47.368421052631575,7.894736842105263,10.333333333333334,0,0,0
S Tyagi,3,4,1,0,3.0,75.0,4,1,0,0,0,25.0,0.0,3.0,0,0,0
S Vidyut,145,115,8,8,18.125,126.08695652173914,115,55,24,21,3,47.82608695652174,20.869565217391305,6.041666666666667,1,1,0
SA Abbott,22,18,3,2,11.0,122.22222222222223,18,10,3,1,2,55.55555555555556,16.666666666666664,7.333333333333333,0,0,0
SA Asnodkar,423,352,19,19,22.263157894736842,120.17045454545455,352,164,66,56,10,46.590909090909086,18.75,6.409090909090909,5,2,0
SA Yadav,3594,2522,135,112,32.089285714285715,142.50594766058683,2522,900,515,385,130,35.68596352101507,20.420301348136398,6.978640776699029,24,24,2
SB Bangar,49,58,7,6,8.166666666666666,84.48275862068965,58,28,4,1,3,48.275862068965516,6.896551724137931,12.25,0,0,0
SB Dubey,33,21,3,2,16.5,157.14285714285714,21,7,5,3,2,33.33333333333333,23.809523809523807,6.6,0,0,0
SB Jakati,28,30,5,2,14.0,93.33333333333333,30,12,3,3,0,40.0,10.0,9.333333333333334,0,0,0
SB Joshi,6,16,2,2,3.0,37.5,16,10,0,0,0,62.5,0.0,6.0,0,0,0
SB Styris,131,134,10,7,18.714285714285715,97.76119402985076,134,53,13,10,3,39.55223880597015,9.701492537313433,10.076923076923077,1,0,0
SB Wagh,2,3,2,2,1.0,66.66666666666666,3,2,0,0,0,66.66666666666666,0.0,2.0,0,0,0
SC Ganguly,1349,1326,56,54,24.98148148148148,101.73453996983409,1326,662,179,137,42,49.924585218702866,13.499245852187029,7.5363128491620115,14,7,0
SD Chitnis,99,92,8,7,14.142857142857142,107.6086956521739,92,38,12,10,2,41.30434782608695,13.043478260869565,8.25,1,0,0
SD Hope,183,125,9,8,22.875,146.4,125,48,24,12,12,38.4,19.2,7.625,3,0,0
SD Lad,15,13,1,1,15.0,115.38461538461537,13,8,2,1,1,61.53846153846154,15.384615384615385,7.5,0,0,0
SE Bond,1,2,1,1,1.0,50.0,2,1,0,0,0,50.0,0.0,1.0,0,0,0
SE Marsh,2489,1913,69,65,38.292307692307695,130.10977522216413,1913,736,347,269,78,38.47360167276529,18.13904861474124,7.172910662824208,16,20,1
SE Rutherford,106,107,9,7,15.142857142857142,99.06542056074767,107,54,11,3,8,50.467289719626166,10.2803738317757,9.636363636363637,0,0,0
SH Johnson,6,7,3,0,6.0,85.71428571428571,7,4,1,1,0,57.14285714285714,14.285714285714285,6.0,0,0,0
SJ Srivastava,5,5,4,1,5.0,100.0,5,1,0,0,0,20.0,0.0,5.0,0,0,0
SK Raina,5536,4177,200,168,32.95238095238095,132.53531242518554,4177,1476,710,506,204,35.336365812784294,16.997845343548,7.79718309859155,37,39,1
SK Trivedi,42,61,14,8,5.25,68.85245901639344,61,37,4,3,1,60.65573770491803,6.557377049180328,10.5,0,0,0
SK Warne,198,219,27,19,10.421052631578947,90.41095890410958,219,105,20,14,6,47.94520547945205,9.1324200913242,9.9,1,0,0
SL Malinga,88,103,20,12,7.333333333333333,85.43689320388349,103,59,11,6,5,57.28155339805825,10.679611650485436,8.0,0,0,0
SM Curran,883,673,48,36,24.52777777777778,131.2035661218425,673,251,111,74,37,37.295690936106986,16.493313521545318,7.954954954954955,3,5,0
SM Harwood,9,14,2,0,9.0,64.28571428571429,14,7,0,0,0,50.0,0.0,9.0,0,0,0
SM Katich,241,191,11,10,24.1,126.17801047120419,191,85,34,26,8,44.50261780104712,17.801047120418847,7.088235294117647,1,2,0
SM Pollock,147,116,8,8,18.375,126.72413793103448,116,47,20,12,8,40.51724137931034,17.24137931034483,7.35,2,0,0
SMSM Senanayake,10,17,4,1,10.0,58.82352941176471,17,8,0,0,0,47.05882352941176,0.0,10.0,0,0,0
SN Khan,585,456,36,29,20.17241379310345,128.28947368421052,456,161,77,63,14,35.30701754385965,16.885964912280702,7.597402597402597,8,1,0
SN Thakur,307,228,35,23,13.347826086956522,134.64912280701756,228,84,40,27,13,36.84210526315789,17.543859649122805,7.675,0,1,0
SO Hetmyer,1243,854,65,40,31.075,145.5503512880562,854,315,158,76,82,36.885245901639344,18.501170960187356,7.867088607594937,12,4,0
SP Fleming,196,171,10,9,21.77777777777778,114.61988304093566,171,86,30,27,3,50.29239766081871,17.543859649122805,6.533333333333333,3,0,0
SP Goswami,293,307,21,20,14.65,95.43973941368078,307,144,35,32,3,46.90553745928339,11.400651465798045,8.371428571428572,2,1,0
SP Jackson,61,57,8,6,10.166666666666666,107.01754385964912,57,20,6,5,1,35.08771929824561,10.526315789473683,10.166666666666666,0,0,0
SP Narine,1534,984,106,84,18.261904761904763,155.8943089430894,984,470,261,164,97,47.764227642276424,26.52439024390244,5.8773946360153255,7,7,1
SPD Smith,2495,1999,93,78,31.987179487179485,124.81240620310155,1999,660,286,226,60,33.01650825412706,14.307153576788394,8.723776223776223,24,11,1
SR Tendulkar,2334,2044,78,71,32.87323943661972,114.18786692759295,2044,874,325,296,29,42.759295499021526,15.900195694716244,7.181538461538461,23,13,1
SR Watson,3880,2892,141,126,30.793650793650794,134.1632088520055,2892,1248,567,377,190,43.15352697095436,19.605809128630707,6.843033509700176,27,21,4
SS Cottrell,0,2,1,1,0.0,0.0,2,2,0,0,0,100.0,0.0,0.0,0,0,0
SS Iyer,3131,2545,114,102,30.69607843137255,123.02554027504911,2545,958,385,272,113,37.642436149312374,15.12770137524558,8.132467532467533,25,21,0
SS Prabhudessai,126,113,10,9,14.0,111.50442477876106,113,56,15,11,4,49.557522123893804,13.274336283185843,8.4,1,0,0
SS Shaikh,6,7,1,0,6.0,85.71428571428571,7,4,1,1,0,57.14285714285714,14.285714285714285,6.0,0,0,0
SS Tiwary,1494,1291,73,50,29.88,115.72424477149497,1291,479,161,111,50,37.10302091402014,12.470952749806353,9.279503105590063,12,8,0
ST Jayasuriya,768,573,30,29,26.482758620689655,134.03141361256544,573,292,123,84,39,50.959860383944154,21.465968586387437,6.2439024390243905,5,4,1
STR Binny,880,700,66,44,20.0,125.71428571428571,700,268,101,66,35,38.285714285714285,14.428571428571429,8.712871287128714,10,0,0
SV Samson,4419,3270,162,142,31.119718309859156,135.1376146788991,3270,1184,558,352,206,36.20795107033639,17.06422018348624,7.919354838709677,32,25,3
SW Billings,503,399,27,26,19.346153846153847,126.06516290726817,399,152,60,40,20,38.095238095238095,15.037593984962406,8.383333333333333,2,3,0
SW Tait,23,26,5,3,7.666666666666667,88.46153846153845,26,11,2,1,1,42.30769230769231,7.6923076923076925,11.5,0,0,0
SZ Mulani,1,1,1,0,1.0,100.0,1,0,0,0,0,0.0,0.0,1.0,0,0,0
Sachin Baby,144,123,11,10,14.4,117.07317073170731,123,50,16,11,5,40.65040650406504,13.008130081300814,9.0,1,0,0
Salman Butt,193,172,7,7,27.571428571428573,112.20930232558139,172,86,32,30,2,50.0,18.6046511627907,6.03125,1,1,0
Sameer Rizvi,51,43,5,4,12.75,118.6046511627907,43,19,6,4,2,44.18604651162791,13.953488372093023,8.5,0,0,0
Sandeep Sharma,54,73,25,5,10.8,73.97260273972603,73,33,4,4,0,45.20547945205479,5.47945205479452,13.5,0,0,0
Sanvir Singh,25,22,5,2,12.5,113.63636363636364,22,9,3,2,1,40.909090909090914,13.636363636363635,8.333333333333334,0,0,0
Saurav Chauhan,18,16,3,3,6.0,112.5,16,7,2,1,1,43.75,12.5,9.0,0,0,0
Shahbaz Ahmed,536,467,37,29,18.482758620689655,114.77516059957173,467,182,53,28,25,38.97216274089936,11.349036402569594,10.11320754716981,4,1,0
Shahid Afridi,81,46,9,8,10.125,176.08695652173913,46,20,13,7,6,43.47826086956522,28.26086956521739,6.230769230769231,1,0,0
Shakib Al Hasan,795,665,52,40,19.875,119.54887218045114,665,239,94,73,21,35.93984962406015,14.135338345864662,8.457446808510639,5,2,0
Shashank Singh,423,272,19,11,38.45454545454545,155.51470588235296,272,89,58,33,25,32.720588235294116,21.323529411764707,7.293103448275862,3,2,0
Shivam Mavi,51,58,11,9,5.666666666666667,87.93103448275862,58,32,6,4,2,55.172413793103445,10.344827586206897,8.5,0,0,0
Shivam Sharma,5,3,2,1,5.0,166.66666666666669,3,1,1,1,0,33.33333333333333,33.33333333333333,5.0,0,0,0
Shivam Singh,2,3,1,0,2.0,66.66666666666666,3,1,0,0,0,33.33333333333333,0.0,2.0,0,0,0
Shoaib Ahmed,1,6,3,2,0.5,16.666666666666664,6,5,0,0,0,83.33333333333334,0.0,1.0,0,0,0
Shoaib Akhtar,2,8,1,1,2.0,25.0,8,6,0,0,0,75.0,0.0,2.0,0,0,0
Shoaib Malik,52,49,5,4,13.0,106.12244897959184,49,16,5,5,0,32.6530612244898,10.204081632653061,10.4,0,0,0
Shubman Gill,3216,2432,99,86,37.395348837209305,132.23684210526315,2432,823,405,310,95,33.84046052631579,16.652960526315788,7.940740740740741,23,20,4
Sikandar Raza,182,143,9,7,26.0,127.27272727272727,143,59,20,12,8,41.25874125874126,13.986013986013987,9.1,1,1,0
Simarjeet Singh,7,8,3,1,7.0,87.5,8,3,0,0,0,37.5,0.0,7.0,0,0,0
Sohail Tanvir,36,31,5,3,12.0,116.12903225806453,31,11,4,3,1,35.483870967741936,12.903225806451612,9.0,0,0,0
Sumit Kumar,18,26,3,2,9.0,69.23076923076923,26,19,3,2,1,73.07692307692307,11.538461538461538,6.0,0,0,0
Sunny Gupta,0,1,1,1,0.0,0.0,1,1,0,0,0,100.0,0.0,0.0,0,0,0
Sunny Singh,43,31,5,4,10.75,138.70967741935485,31,12,7,6,1,38.70967741935484,22.58064516129032,6.142857142857143,0,0,0
Swapnil Singh,51,46,9,5,10.2,110.86956521739131,46,21,6,3,3,45.65217391304348,13.043478260869565,8.5,0,0,0
T Banton,18,22,2,2,9.0,81.81818181818183,22,13,2,1,1,59.09090909090909,9.090909090909092,9.0,0,0,0
T Henderson,11,16,2,1,11.0,68.75,16,11,1,0,1,68.75,6.25,11.0,0,0,0
T Kohler-Cadmore,48,54,3,3,16.0,88.88888888888889,54,33,8,7,1,61.111111111111114,14.814814814814813,6.0,0,0,0
T Kohli,11,20,3,3,3.6666666666666665,55.00000000000001,20,14,1,0,1,70.0,5.0,11.0,0,0,0
T Natarajan,3,5,2,0,3.0,60.0,5,2,0,0,0,40.0,0.0,3.0,0,0,0
T Shamsi,2,4,1,0,2.0,50.0,4,2,0,0,0,50.0,0.0,2.0,0,0,0
T Stubbs,405,239,17,9,45.0,169.4560669456067,239,64,52,26,26,26.778242677824267,21.75732217573222,7.788461538461538,3,3,0
T Taibu,31,26,3,3,10.333333333333334,119.23076923076923,26,9,3,3,0,34.61538461538461,11.538461538461538,10.333333333333334,0,0,0
T Thushara,12,19,4,2,6.0,63.1578947368421,19,10,0,0,0,52.63157894736842,0.0,12.0,0,0,0
TA Boult,83,82,22,7,11.857142857142858,101.21951219512195,82,38,8,5,3,46.34146341463415,9.75609756097561,10.375,0,0,0
TD Paine,10,29,2,2,5.0,34.48275862068966,29,19,0,0,0,65.51724137931035,0.0,10.0,0,0,0
TG Southee,120,108,19,11,10.909090909090908,111.11111111111111,108,47,12,8,4,43.51851851851852,11.11111111111111,10.0,1,0,0
TH David,659,417,35,23,28.652173913043477,158.0335731414868,417,140,84,38,46,33.573141486810556,20.14388489208633,7.845238095238095,10,0,0
TK Curran,127,108,10,5,25.4,117.59259259259258,108,37,13,10,3,34.25925925925926,12.037037037037036,9.76923076923077,0,1,0
TL Seifert,26,26,3,3,8.666666666666666,100.0,26,15,4,4,0,57.692307692307686,15.384615384615385,6.5,0,0,0
TL Suman,676,587,39,30,22.533333333333335,115.1618398637138,587,255,81,55,26,43.441226575809196,13.798977853492334,8.345679012345679,4,2,0
TM Dilshan,1153,1047,50,41,28.121951219512194,110.12416427889207,1047,492,164,140,24,46.99140401146132,15.663801337153775,7.030487804878049,8,9,0
TM Head,772,458,25,20,38.6,168.5589519650655,458,146,116,76,40,31.877729257641924,25.327510917030565,6.655172413793103,6,5,1
TM Srivastava,8,11,3,1,8.0,72.72727272727273,11,5,0,0,0,45.45454545454545,0.0,8.0,0,0,0
TR Birt,75,59,5,5,15.0,127.11864406779661,59,27,11,9,2,45.76271186440678,18.64406779661017,6.818181818181818,0,0,0
TS Mills,8,14,5,4,2.0,57.14285714285714,14,11,1,0,1,78.57142857142857,7.142857142857142,8.0,0,0,0
TU Deshpande,21,15,4,1,21.0,140.0,15,6,3,2,1,40.0,20.0,7.0,0,0,0
Tanush Kotian,24,32,1,1,24.0,75.0,32,18,3,3,0,56.25,9.375,8.0,0,0,0
Tilak Varma,1156,830,38,28,41.285714285714285,139.27710843373492,830,289,148,90,58,34.81927710843373,17.83132530120482,7.8108108108108105,14,6,0
U Kaul,0,1,1,0,0.0,0.0,1,1,0,0,0,100.0,0.0,0.0,0,0,0
UA Birla,7,15,1,1,7.0,46.666666666666664,15,11,1,1,0,73.33333333333333,6.666666666666667,7.0,0,0,0
UBT Chand,300,314,20,20,15.0,95.54140127388536,314,170,41,32,9,54.14012738853503,13.05732484076433,7.317073170731708,2,1,0
UT Khawaja,127,105,6,5,25.4,120.95238095238095,105,43,17,14,3,40.95238095238095,16.19047619047619,7.470588235294118,2,0,0
UT Yadav,208,211,48,21,9.904761904761905,98.5781990521327,211,106,25,16,9,50.23696682464455,11.848341232227488,8.32,0,0,0
Umar Gul,39,19,4,3,13.0,205.26315789473685,19,8,6,1,5,42.10526315789473,31.57894736842105,6.5,0,0,0
Umran Malik,23,16,5,1,23.0,143.75,16,8,3,1,2,50.0,18.75,7.666666666666667,0,0,0
V Kohli,8014,6236,244,218,36.76146788990825,128.51186658114176,6236,2198,981,708,273,35.24695317511225,15.731237973059653,8.169215086646279,51,56,8
V Pratap Singh,0,1,1,1,0.0,0.0,1,1,0,0,0,100.0,0.0,0.0,0,0,0
V Sehwag,2728,1833,104,98,27.836734693877553,148.82705946535734,1833,737,440,334,106,40.207310420076375,24.004364429896345,6.2,17,16,2
V Shankar,1115,890,58,43,25.930232558139537,125.2808988764045,890,312,125,80,45,35.056179775280896,14.04494382022472,8.92,4,6,0
V Viyaskanth,7,5,1,0,7.0,140.0,5,0,0,0,0,0.0,0.0,7.0,0,0,0
VG Arora,9,17,7,2,4.5,52.94117647058824,17,9,0,0,0,52.94117647058824,0.0,9.0,0,0,0
VH Zol,29,26,2,2,14.5,111.53846153846155,26,13,4,3,1,50.0,15.384615384615385,7.25,0,0,0
VR Aaron,50,73,12,4,12.5,68.4931506849315,73,43,4,2,2,58.9041095890411,5.47945205479452,12.5,0,0,0
VR Iyer,1326,1000,49,43,30.837209302325583,132.6,1000,405,182,121,61,40.5,18.2,7.285714285714286,7,11,1
VRV Singh,4,3,2,1,4.0,133.33333333333331,3,2,1,1,0,66.66666666666666,33.33333333333333,4.0,0,0,0
VS Malik,7,7,2,1,7.0,100.0,7,3,1,1,0,42.857142857142854,14.285714285714285,7.0,0,0,0
VS Yeligati,2,2,1,1,2.0,100.0,2,1,0,0,0,50.0,0.0,2.0,0,0,0
VVS Laxman,282,271,20,16,17.625,104.0590405904059,271,123,38,33,5,45.38745387453875,14.022140221402212,7.421052631578948,3,1,0
VY Mahesh,15,28,5,2,7.5,53.57142857142857,28,15,0,0,0,53.57142857142857,0.0,15.0,0,0,0
Vijaykumar Vyshak,14,13,4,2,7.0,107.6923076923077,13,5,1,0,1,38.46153846153847,7.6923076923076925,14.0,0,0,0
Virat Singh,15,26,2,3,5.0,57.692307692307686,26,14,1,1,0,53.84615384615385,3.8461538461538463,15.0,0,0,0
Vishnu Vinod,56,58,6,6,9.333333333333334,96.55172413793103,58,27,6,3,3,46.55172413793103,10.344827586206897,9.333333333333334,1,0,0
Vivrant Sharma,69,49,1,1,69.0,140.81632653061226,49,18,11,9,2,36.734693877551024,22.448979591836736,6.2727272727272725,0,1,0
W Jaffer,130,129,8,7,18.571428571428573,100.7751937984496,129,64,17,14,3,49.6124031007752,13.178294573643413,7.647058823529412,1,1,0
WA Mota,56,76,8,5,11.2,73.68421052631578,76,30,2,2,0,39.473684210526315,2.631578947368421,28.0,0,0,0
WD Parnell,65,86,13,10,6.5,75.5813953488372,86,43,5,4,1,50.0,5.813953488372093,13.0,0,0,0
WG Jacks,230,133,8,6,38.333333333333336,172.93233082706766,133,48,34,16,18,36.09022556390977,25.563909774436087,6.764705882352941,1,1,1
WP Saha,2934,2368,143,121,24.24793388429752,123.90202702702702,2368,935,383,296,87,39.4847972972973,16.173986486486484,7.660574412532637,19,13,1
WPUJC Vaas,81,73,11,7,11.571428571428571,110.95890410958904,73,24,5,2,3,32.87671232876712,6.8493150684931505,16.2,0,0,0
Washington Sundar,378,341,38,27,14.0,110.85043988269794,341,135,41,32,9,39.589442815249264,12.023460410557185,9.21951219512195,3,0,0
X Thalaivan Sargunam,10,17,1,1,10.0,58.82352941176471,17,9,0,0,0,52.94117647058824,0.0,10.0,0,0,0
Y Gnaneswara Rao,19,18,1,1,19.0,105.55555555555556,18,9,3,3,0,50.0,16.666666666666664,6.333333333333333,0,0,0
Y Nagar,285,271,20,15,19.0,105.1660516605166,271,113,29,20,9,41.69741697416974,10.70110701107011,9.827586206896552,1,0,0
Y Prithvi Raj,0,1,1,0,0.0,0.0,1,1,0,0,0,100.0,0.0,0.0,0,0,0
Y Venugopal Rao,985,865,52,42,23.452380952380953,113.87283236994219,865,355,114,77,37,41.040462427745666,13.179190751445086,8.640350877192983,8,3,0
YA Abdulla,0,1,1,0,0.0,0.0,1,1,0,0,0,100.0,0.0,0.0,0,0,0
YBK Jaiswal,1607,1095,52,49,32.795918367346935,146.7579908675799,1095,459,263,199,64,41.917808219178085,24.01826484018265,6.110266159695818,12,9,2
YK Pathan,3222,2334,153,111,29.027027027027028,138.04627249357327,2334,872,424,263,161,37.36075407026564,18.1662382176521,7.599056603773585,23,14,1
YS Chahal,37,89,17,6,6.166666666666667,41.57303370786517,89,57,0,0,0,64.04494382022472,0.0,37.0,0,0,0
YV Dhull,16,23,3,3,5.333333333333333,69.56521739130434,23,10,1,1,0,43.47826086956522,4.3478260869565215,16.0,0,0,0
YV Takawale,192,183,10,8,24.0,104.91803278688525,183,100,29,26,3,54.644808743169406,15.846994535519126,6.620689655172414,2,0,0
Yash Dayal,0,1,1,1,0.0,0.0,1,1,0,0,0,100.0,0.0,0.0,0,0,0
Yashpal Singh,47,67,4,4,11.75,70.1492537313433,67,39,5,5,0,58.2089552238806,7.462686567164178,9.4,0,0,0
Younis Khan,3,7,1,1,3.0,42.857142857142854,7,4,0,0,0,57.14285714285714,0.0,3.0,0,0,0
Yudhvir Singh,22,16,4,4,5.5,137.5,16,8,3,1,2,50.0,18.75,7.333333333333333,0,0,0
Yuvraj Singh,2754,2207,126,109,25.26605504587156,124.78477571363842,2207,977,367,218,149,44.26823742637064,16.628908019936564,7.5040871934604905,23,13,0
Z Khan,117,141,27,15,7.8,82.97872340425532,141,74,13,11,2,52.4822695035461,9.219858156028367,9.0,0,0,0
