bowler,total_runs,ball,is_wicket,matches_bowling,overs,bowling_economy,bowling_average,bowling_strike_rate,wickets_per_match,dot_balls,dot_ball_percentage
A Ashish Reddy,400,270,19,20,45.0,8.88888888888889,21.05263157894737,14.210526315789474,0.95,79.0,29.259259259259256
A Badoni,37,25,2,5,4.166666666666667,8.879999999999999,18.5,12.5,0.4,5.0,20.0
A Chandila,245,234,11,12,39.0,6.282051282051282,22.272727272727273,21.272727272727273,0.9166666666666666,103.0,44.01709401709402
A Choudhary,144,108,5,5,18.0,8.0,28.8,21.6,1.0,42.0,38.88888888888889
A Dananjaya,47,25,0,1,4.166666666666667,11.28,47.0,25.0,0.0,6.0,24.0
A Flintoff,106,66,2,3,11.0,9.636363636363637,53.0,33.0,0.6666666666666666,20.0,30.303030303030305
A Kamboj,115,68,2,3,11.333333333333334,10.147058823529411,57.5,34.0,0.6666666666666666,19.0,27.941176470588236
A Kumble,1089,983,49,42,163.83333333333334,6.646998982706002,22.224489795918366,20.06122448979592,1.1666666666666667,374.0,38.046795523906404
A Mishra,4193,3444,183,162,574.0,7.304878048780488,22.91256830601093,18.81967213114754,1.1296296296296295,1185.0,34.40766550522648
A Mithun,477,312,8,16,52.0,9.173076923076923,59.625,39.0,0.5,90.0,28.846153846153843
A Nehra,2537,1974,121,88,329.0,7.711246200607903,20.96694214876033,16.31404958677686,1.375,798.0,40.42553191489361
A Nel,31,18,1,1,3.0,10.333333333333334,31.0,18.0,1.0,7.0,38.88888888888889
A Nortje,1614,1097,62,46,182.83333333333334,8.82771194165907,26.032258064516128,17.693548387096776,1.3478260869565217,401.0,36.5542388331814
A Singh,639,486,31,23,81.0,7.888888888888889,20.612903225806452,15.67741935483871,1.3478260869565217,189.0,38.88888888888889
A Symonds,694,540,23,30,90.0,7.711111111111111,30.17391304347826,23.47826086956522,0.7666666666666667,190.0,35.18518518518518
A Uniyal,67,38,3,2,6.333333333333333,10.578947368421053,22.333333333333332,12.666666666666666,1.5,8.0,21.052631578947366
A Zampa,562,425,30,20,70.83333333333333,7.934117647058824,18.733333333333334,14.166666666666666,1.5,129.0,30.352941176470587
AA Chavan,339,255,8,13,42.5,7.976470588235294,42.375,31.875,0.6153846153846154,100.0,39.21568627450981
AA Jhunjhunwala,130,88,1,10,14.666666666666666,8.863636363636363,130.0,88.0,0.1,27.0,30.681818181818183
AA Kazi,21,13,1,1,2.1666666666666665,9.692307692307693,21.0,13.0,1.0,2.0,15.384615384615385
AA Noffke,41,25,1,1,4.166666666666667,9.84,41.0,25.0,1.0,6.0,24.0
AB Agarkar,1174,820,33,42,136.66666666666666,8.590243902439026,35.57575757575758,24.848484848484848,0.7857142857142857,254.0,30.975609756097562
AB Dinda,2103,1589,82,75,264.8333333333333,7.940843297671492,25.646341463414632,19.378048780487806,1.0933333333333333,627.0,39.458779106356204
AB McDonald,263,188,14,10,31.333333333333332,8.393617021276595,18.785714285714285,13.428571428571429,1.4,50.0,26.595744680851062
AC Gilchrist,0,1,1,1,0.16666666666666666,0.0,0.0,1.0,1.0,1.0,100.0
AC Thomas,416,327,16,15,54.5,7.63302752293578,26.0,20.4375,1.0666666666666667,126.0,38.53211009174312
AC Voges,76,56,1,7,9.333333333333334,8.142857142857142,76.0,56.0,0.14285714285714285,15.0,26.785714285714285
AD Mascarenhas,365,310,19,13,51.666666666666664,7.064516129032258,19.210526315789473,16.31578947368421,1.4615384615384615,124.0,40.0
AD Mathews,1095,807,28,44,134.5,8.141263940520446,39.107142857142854,28.821428571428573,0.6363636363636364,224.0,27.757125154894673
AD Russell,2691,1771,125,112,295.1666666666667,9.116883116883116,21.528,14.168,1.1160714285714286,584.0,32.975719932241674
AF Milne,339,217,9,10,36.166666666666664,9.373271889400922,37.666666666666664,24.11111111111111,0.9,69.0,31.797235023041477
AG Murtaza,322,269,12,12,44.833333333333336,7.182156133828996,26.833333333333332,22.416666666666668,1.0,101.0,37.54646840148699
AJ Finch,67,44,1,5,7.333333333333333,9.136363636363637,67.0,44.0,0.2,13.0,29.545454545454547
AJ Hosein,41,24,1,1,4.0,10.25,41.0,24.0,1.0,5.0,20.833333333333336
AJ Tye,1005,714,48,30,119.0,8.445378151260504,20.9375,14.875,1.6,208.0,29.13165266106443
AK Markram,173,123,2,14,20.5,8.439024390243903,86.5,61.5,0.14285714285714285,32.0,26.01626016260163
AL Menaria,144,113,3,12,18.833333333333332,7.646017699115045,48.0,37.666666666666664,0.25,40.0,35.39823008849557
AM Nayar,323,239,9,19,39.833333333333336,8.10878661087866,35.888888888888886,26.555555555555557,0.47368421052631576,69.0,28.870292887029287
AM Rahane,5,6,1,1,1.0,5.0,5.0,6.0,1.0,2.0,33.33333333333333
AM Salvi,205,156,7,7,26.0,7.884615384615385,29.285714285714285,22.285714285714285,1.0,57.0,36.53846153846153
AN Ahmed,515,362,15,17,60.333333333333336,8.535911602209945,34.333333333333336,24.133333333333333,0.8823529411764706,120.0,33.14917127071823
AP Dole,114,73,5,3,12.166666666666666,9.36986301369863,22.8,14.6,1.6666666666666667,20.0,27.397260273972602
AR Patel,3824,3152,131,148,525.3333333333334,7.279187817258883,29.19083969465649,24.061068702290076,0.8851351351351351,1021.0,32.392131979695435
AS Joseph,707,454,22,22,75.66666666666667,9.343612334801762,32.13636363636363,20.636363636363637,1.0,162.0,35.68281938325991
AS Rajpoot,844,567,24,29,94.5,8.931216931216932,35.166666666666664,23.625,0.8275862068965517,192.0,33.86243386243386
AS Raut,45,30,0,5,5.0,9.0,45.0,30.0,0.0,6.0,20.0
AS Roy,191,142,6,9,23.666666666666668,8.070422535211268,31.833333333333332,23.666666666666668,0.6666666666666666,48.0,33.80281690140845
AU Rashid,91,60,2,3,10.0,9.1,45.5,30.0,0.6666666666666666,20.0,33.33333333333333
AUK Pathan,63,41,0,3,6.833333333333333,9.219512195121952,63.0,41.0,0.0,9.0,21.951219512195124
Abdul Samad,113,55,2,5,9.166666666666666,12.327272727272728,56.5,27.5,0.4,11.0,20.0
Abdur Razzak,29,14,0,1,2.3333333333333335,12.428571428571427,29.0,14.0,0.0,5.0,35.714285714285715
Abhishek Sharma,396,278,11,26,46.333333333333336,8.546762589928058,36.0,25.272727272727273,0.4230769230769231,70.0,25.179856115107913
Akash Deep,324,175,8,8,29.166666666666668,11.108571428571429,40.5,21.875,1.0,55.0,31.428571428571427
Akash Madhwal,431,279,22,13,46.5,9.268817204301076,19.59090909090909,12.681818181818182,1.6923076923076923,83.0,29.749103942652326
Akash Singh,227,141,5,7,23.5,9.659574468085106,45.4,28.2,0.7142857142857143,53.0,37.5886524822695
Aman Hakim Khan,13,6,0,1,1.0,13.0,13.0,6.0,0.0,1.0,16.666666666666664
Anand Rajan,206,162,10,8,27.0,7.62962962962963,20.6,16.2,1.25,57.0,35.18518518518518
Ankit Sharma,453,375,12,21,62.5,7.248,37.75,31.25,0.5714285714285714,137.0,36.53333333333333
Ankit Soni,145,112,4,6,18.666666666666668,7.767857142857142,36.25,28.0,0.6666666666666666,37.0,33.035714285714285
Anureet Singh,636,430,21,22,71.66666666666667,8.874418604651162,30.285714285714285,20.476190476190474,0.9545454545454546,139.0,32.325581395348834
Arjun Tendulkar,117,83,4,5,13.833333333333334,8.457831325301205,29.25,20.75,0.8,30.0,36.144578313253014
Arshad Khan,282,153,6,9,25.5,11.058823529411764,47.0,25.5,0.6666666666666666,44.0,28.75816993464052
Arshad Khan (2),25,13,0,1,2.1666666666666665,11.53846153846154,25.0,13.0,0.0,4.0,30.76923076923077
Arshdeep Singh,2097,1453,84,65,242.16666666666666,8.659325533379215,24.964285714285715,17.297619047619047,1.2923076923076924,472.0,32.48451479697178
Atharva Taide,4,1,0,1,0.16666666666666666,24.0,4.0,1.0,0.0,,
Avesh Khan,2010,1390,81,62,231.66666666666666,8.676258992805757,24.814814814814813,17.160493827160494,1.3064516129032258,491.0,35.32374100719424
Azhar Mahmood,707,552,31,23,92.0,7.684782608695652,22.806451612903224,17.806451612903224,1.3478260869565217,199.0,36.05072463768116
Azmatullah Omarzai,194,131,4,7,21.833333333333332,8.885496183206108,48.5,32.75,0.5714285714285714,52.0,39.69465648854962
B Akhil,246,193,7,13,32.166666666666664,7.647668393782384,35.142857142857146,27.571428571428573,0.5384615384615384,60.0,31.088082901554404
B Chipli,20,6,0,1,1.0,20.0,20.0,6.0,0.0,1.0,16.666666666666664
B Geeves,91,49,2,2,8.166666666666666,11.142857142857144,45.5,24.5,1.0,15.0,30.612244897959183
B Kumar,5051,4060,195,176,676.6666666666666,7.464532019704434,25.902564102564103,20.82051282051282,1.1079545454545454,1632.0,40.19704433497537
B Laughlin,284,179,10,9,29.833333333333332,9.5195530726257,28.4,17.9,1.1111111111111112,42.0,23.463687150837988
B Lee,1126,916,30,38,152.66666666666666,7.3755458515283845,37.53333333333333,30.533333333333335,0.7894736842105263,374.0,40.8296943231441
B Stanlake,200,150,7,6,25.0,8.0,28.571428571428573,21.428571428571427,1.1666666666666667,64.0,42.66666666666667
BA Bhatt,408,303,13,15,50.5,8.07920792079208,31.384615384615383,23.307692307692307,0.8666666666666667,93.0,30.693069306930692
BA Stokes,1023,723,31,38,120.5,8.489626556016598,33.0,23.322580645161292,0.8157894736842105,228.0,31.535269709543567
BAW Mendis,306,248,9,10,41.333333333333336,7.403225806451612,34.0,27.555555555555557,0.9,76.0,30.64516129032258
BB Sran,767,516,20,24,86.0,8.918604651162791,38.35,25.8,0.8333333333333334,168.0,32.55813953488372
BCJ Cutting,430,288,12,17,48.0,8.958333333333334,35.833333333333336,24.0,0.7058823529411765,77.0,26.73611111111111
BE Hendricks,239,157,11,7,26.166666666666668,9.13375796178344,21.727272727272727,14.272727272727273,1.5714285714285714,52.0,33.12101910828025
BJ Hodge,310,238,18,20,39.666666666666664,7.815126050420169,17.22222222222222,13.222222222222221,0.9,75.0,31.512605042016805
BJ Rohrer,12,7,0,1,1.1666666666666667,10.285714285714285,12.0,7.0,0.0,1.0,14.285714285714285
BMAJ Mendis,36,30,1,2,5.0,7.2,36.0,30.0,0.5,11.0,36.666666666666664
BW Hilfenhaus,497,390,23,17,65.0,7.6461538461538465,21.608695652173914,16.956521739130434,1.3529411764705883,173.0,44.35897435897436
Basil Thampi,862,539,26,25,89.83333333333333,9.595547309833025,33.15384615384615,20.73076923076923,1.04,152.0,28.200371057513912
Bipul Sharma,581,436,22,28,72.66666666666667,7.9954128440366965,26.40909090909091,19.818181818181817,0.7857142857142857,131.0,30.045871559633024
C Ganapathy,13,6,0,1,1.0,13.0,13.0,6.0,0.0,1.0,16.666666666666664
C Green,675,462,20,29,77.0,8.766233766233766,33.75,23.1,0.6896551724137931,149.0,32.25108225108225
C Munro,15,12,0,2,2.0,7.5,15.0,12.0,0.0,5.0,41.66666666666667
C Nanda,58,50,2,3,8.333333333333334,6.959999999999999,29.0,25.0,0.6666666666666666,13.0,26.0
C Sakariya,610,460,20,19,76.66666666666667,7.956521739130435,30.5,23.0,1.0526315789473684,143.0,31.08695652173913
C de Grandhomme,323,230,7,19,38.333333333333336,8.426086956521738,46.142857142857146,32.857142857142854,0.3684210526315789,58.0,25.217391304347824
CH Gayle,755,584,19,38,97.33333333333333,7.756849315068494,39.73684210526316,30.736842105263158,0.5,180.0,30.82191780821918
CH Morris,2377,1801,107,81,300.1666666666667,7.91893392559689,22.214953271028037,16.83177570093458,1.3209876543209877,668.0,37.09050527484731
CJ Anderson,525,315,14,22,52.5,10.0,37.5,22.5,0.6363636363636364,79.0,25.07936507936508
CJ Dala,34,19,0,1,3.1666666666666665,10.736842105263158,34.0,19.0,0.0,7.0,36.84210526315789
CJ Green,24,17,0,1,2.8333333333333335,8.470588235294118,24.0,17.0,0.0,6.0,35.294117647058826
CJ Jordan,1111,717,36,34,119.5,9.297071129707113,30.86111111111111,19.916666666666668,1.0588235294117647,206.0,28.730822873082285
CJ McKay,60,42,1,2,7.0,8.571428571428571,60.0,42.0,0.5,14.0,33.33333333333333
CK Kapugedera,49,17,0,3,2.8333333333333335,17.294117647058822,49.0,17.0,0.0,,
CK Langeveldt,199,165,13,7,27.5,7.236363636363636,15.307692307692308,12.692307692307692,1.8571428571428572,69.0,41.81818181818181
CL White,86,46,1,6,7.666666666666667,11.217391304347826,86.0,46.0,0.16666666666666666,8.0,17.391304347826086
CR Brathwaite,384,266,16,16,44.333333333333336,8.661654135338345,24.0,16.625,1.0,74.0,27.819548872180448
CR Woakes,674,463,31,21,77.16666666666667,8.734341252699783,21.741935483870968,14.935483870967742,1.4761904761904763,161.0,34.77321814254859
CRD Fernando,306,249,19,10,41.5,7.373493975903615,16.105263157894736,13.105263157894736,1.9,99.0,39.75903614457831
CV Varun,2042,1624,85,70,270.6666666666667,7.544334975369457,24.023529411764706,19.105882352941176,1.2142857142857142,582.0,35.83743842364532
D Brevis,8,3,1,1,0.5,16.0,8.0,3.0,1.0,1.0,33.33333333333333
D Jansen,53,28,1,1,4.666666666666667,11.357142857142856,53.0,28.0,1.0,6.0,21.428571428571427
D Kalyankrishna,88,50,2,3,8.333333333333334,10.559999999999999,44.0,25.0,0.6666666666666666,10.0,20.0
D Pretorius,242,166,7,7,27.666666666666668,8.74698795180723,34.57142857142857,23.714285714285715,1.0,42.0,25.301204819277107
D Salunkhe,80,51,1,5,8.5,9.411764705882353,80.0,51.0,0.2,13.0,25.49019607843137
D Wiese,447,307,17,15,51.166666666666664,8.736156351791532,26.294117647058822,18.058823529411764,1.1333333333333333,82.0,26.710097719869708
D du Preez,56,43,4,2,7.166666666666667,7.813953488372093,14.0,10.75,2.0,18.0,41.86046511627907
DA Warner,2,2,0,1,0.3333333333333333,6.0,2.0,2.0,0.0,,
DAJ Bracewell,32,25,3,1,4.166666666666667,7.68,10.666666666666666,8.333333333333334,3.0,10.0,40.0
DB Ravi Teja,28,18,1,2,3.0,9.333333333333334,28.0,18.0,0.5,4.0,22.22222222222222
DE Bollinger,716,600,43,27,100.0,7.16,16.651162790697676,13.953488372093023,1.5925925925925926,254.0,42.333333333333336
DG Nalkande,150,89,6,6,14.833333333333334,10.112359550561797,25.0,14.833333333333334,1.0,22.0,24.719101123595504
DJ Bravo,4436,3296,207,158,549.3333333333334,8.075242718446601,21.429951690821255,15.922705314009661,1.3101265822784811,998.0,30.279126213592235
DJ Harris,26,18,0,2,3.0,8.666666666666666,26.0,18.0,0.0,4.0,22.22222222222222
DJ Hooda,535,384,10,33,64.0,8.359375,53.5,38.4,0.30303030303030304,101.0,26.302083333333332
DJ Hussey,485,323,10,26,53.833333333333336,9.009287925696594,48.5,32.3,0.38461538461538464,86.0,26.625386996904027
DJ Mitchell,97,51,1,4,8.5,11.411764705882353,97.0,51.0,0.25,5.0,9.803921568627452
DJ Muthuswami,108,84,4,6,14.0,7.714285714285714,27.0,21.0,0.6666666666666666,44.0,52.38095238095239
DJ Thornely,40,44,3,4,7.333333333333333,5.454545454545455,13.333333333333334,14.666666666666666,0.75,19.0,43.18181818181818
DJ Willey,277,221,7,11,36.833333333333336,7.520361990950226,39.57142857142857,31.571428571428573,0.6363636363636364,79.0,35.74660633484163
DJG Sammy,354,244,14,19,40.666666666666664,8.704918032786885,25.285714285714285,17.428571428571427,0.7368421052631579,72.0,29.508196721311474
DJM Short,23,18,1,2,3.0,7.666666666666667,23.0,18.0,0.5,7.0,38.88888888888889
DL Chahar,2243,1746,79,81,291.0,7.707903780068729,28.39240506329114,22.10126582278481,0.9753086419753086,708.0,40.549828178694156
DL Vettori,894,785,34,34,130.83333333333334,6.83312101910828,26.294117647058822,23.08823529411765,1.0,270.0,34.394904458598724
DNT Zoysa,100,69,2,3,11.5,8.695652173913043,50.0,34.5,0.6666666666666666,24.0,34.78260869565217
DP Nannes,815,689,38,29,114.83333333333333,7.097242380261249,21.44736842105263,18.13157894736842,1.3103448275862069,285.0,41.36429608127721
DP Vijaykumar,205,159,4,9,26.5,7.735849056603773,51.25,39.75,0.4444444444444444,63.0,39.62264150943396
DR Sams,528,389,15,16,64.83333333333333,8.143958868894602,35.2,25.933333333333334,0.9375,142.0,36.50385604113111
DR Smith,825,557,27,46,92.83333333333333,8.88689407540395,30.555555555555557,20.62962962962963,0.5869565217391305,168.0,30.16157989228007
DS Kulkarni,2513,1876,91,92,312.6666666666667,8.03731343283582,27.615384615384617,20.615384615384617,0.9891304347826086,742.0,39.55223880597015
DT Christian,1218,922,40,49,153.66666666666666,7.926247288503254,30.45,23.05,0.8163265306122449,296.0,32.10412147505423
DW Steyn,2583,2282,105,95,380.3333333333333,6.791411042944786,24.6,21.733333333333334,1.105263157894737,1019.0,44.65381244522349
F du Plessis,16,6,0,1,1.0,16.0,16.0,6.0,0.0,,
FA Allen,136,91,2,4,15.166666666666666,8.967032967032967,68.0,45.5,0.5,26.0,28.57142857142857
FH Edwards,160,150,6,6,25.0,6.4,26.666666666666668,25.0,1.0,70.0,46.666666666666664
FY Fazal,20,12,1,2,2.0,10.0,20.0,12.0,0.5,1.0,8.333333333333332
Fazalhaq Farooqi,229,162,6,7,27.0,8.481481481481481,38.166666666666664,27.0,0.8571428571428571,56.0,34.5679012345679
G Coetzee,357,216,13,10,36.0,9.916666666666666,27.46153846153846,16.615384615384617,1.3,71.0,32.870370370370374
GB Hogg,585,466,25,21,77.66666666666667,7.532188841201716,23.4,18.64,1.1904761904761905,159.0,34.12017167381974
GC Viljoen,229,146,8,6,24.333333333333332,9.41095890410959,28.625,18.25,1.3333333333333333,43.0,29.45205479452055
GD McGrath,366,329,14,14,54.833333333333336,6.674772036474164,26.142857142857142,23.5,1.0,153.0,46.504559270516715
GD Phillips,40,31,2,4,5.166666666666667,7.741935483870967,20.0,15.5,0.5,10.0,32.25806451612903
GH Vihari,48,43,1,6,7.166666666666667,6.697674418604651,48.0,43.0,0.16666666666666666,17.0,39.53488372093023
GHS Garton,136,97,3,5,16.166666666666668,8.412371134020617,45.333333333333336,32.333333333333336,0.6,31.0,31.958762886597935
GJ Maxwell,1311,965,41,79,160.83333333333334,8.151295336787564,31.975609756097562,23.536585365853657,0.5189873417721519,301.0,31.191709844559583
GR Napier,28,24,1,1,4.0,7.0,28.0,24.0,1.0,8.0,33.33333333333333
GS Sandhu,86,48,1,2,8.0,10.75,86.0,48.0,0.5,9.0,18.75
Gagandeep Singh,142,84,3,4,14.0,10.142857142857142,47.333333333333336,28.0,0.75,25.0,29.761904761904763
Gulbadin Naib,12,6,0,1,1.0,12.0,12.0,6.0,0.0,1.0,16.666666666666664
Gurkeerat Singh,97,82,5,6,13.666666666666666,7.097560975609756,19.4,16.4,0.8333333333333334,26.0,31.70731707317073
Gurnoor Brar,42,21,0,1,3.5,12.0,42.0,21.0,0.0,7.0,33.33333333333333
H Sharma,62,30,0,2,5.0,12.4,62.0,30.0,0.0,2.0,6.666666666666667
HF Gurney,239,169,7,8,28.166666666666668,8.485207100591715,34.142857142857146,24.142857142857142,0.875,50.0,29.585798816568047
HH Pandya,2196,1485,70,93,247.5,8.872727272727273,31.37142857142857,21.214285714285715,0.7526881720430108,481.0,32.390572390572395
HR Shokeen,320,213,5,13,35.5,9.014084507042254,64.0,42.6,0.38461538461538464,78.0,36.61971830985916
HV Patel,3215,2284,151,103,380.6666666666667,8.44570928196147,21.29139072847682,15.125827814569536,1.4660194174757282,710.0,31.08581436077058
Harbhajan Singh,4101,3496,161,160,582.6666666666666,7.0383295194508015,25.472049689440993,21.714285714285715,1.00625,1263.0,36.12700228832952
Harmeet Singh,747,574,31,28,95.66666666666667,7.808362369337979,24.096774193548388,18.516129032258064,1.1071428571428572,201.0,35.01742160278746
Harpreet Brar,907,692,25,39,115.33333333333333,7.864161849710983,36.28,27.68,0.6410256410256411,229.0,33.09248554913295
Harshit Rana,590,403,27,19,67.16666666666667,8.784119106699752,21.85185185185185,14.925925925925926,1.4210526315789473,148.0,36.72456575682382
I Malhotra,23,6,0,1,1.0,23.0,23.0,6.0,0.0,,
I Sharma,3255,2429,96,110,404.8333333333333,8.04034582132565,33.90625,25.302083333333332,0.8727272727272727,969.0,39.89296006587073
I Udana,286,182,8,10,30.333333333333332,9.428571428571429,35.75,22.75,0.8,45.0,24.725274725274726
IC Pandey,609,469,19,24,78.16666666666667,7.791044776119403,32.05263157894737,24.68421052631579,0.7916666666666666,212.0,45.20255863539446
IC Porel,42,26,1,1,4.333333333333333,9.692307692307693,42.0,26.0,1.0,7.0,26.923076923076923
IK Pathan,2711,2113,99,101,352.1666666666667,7.698059630856601,27.383838383838384,21.343434343434343,0.9801980198019802,835.0,39.51727401798391
IS Sodhi,204,182,9,8,30.333333333333332,6.725274725274725,22.666666666666668,20.22222222222222,1.125,64.0,35.16483516483517
Imran Tahir,1729,1340,86,59,223.33333333333334,7.741791044776119,20.1046511627907,15.581395348837209,1.4576271186440677,437.0,32.61194029850746
Iqbal Abdulla,1125,943,45,48,157.16666666666666,7.158006362672323,25.0,20.955555555555556,0.9375,331.0,35.100742311770944
J Botha,818,709,27,34,118.16666666666667,6.922425952045134,30.296296296296298,26.25925925925926,0.7941176470588235,254.0,35.82510578279267
J Little,341,236,13,11,39.333333333333336,8.669491525423728,26.23076923076923,18.153846153846153,1.1818181818181819,82.0,34.74576271186441
J Suchith,604,434,20,21,72.33333333333333,8.350230414746544,30.2,21.7,0.9523809523809523,140.0,32.25806451612903
J Syed Mohammad,286,196,10,11,32.666666666666664,8.755102040816327,28.6,19.6,0.9090909090909091,47.0,23.97959183673469
J Theron,311,235,13,10,39.166666666666664,7.940425531914894,23.923076923076923,18.076923076923077,1.3,68.0,28.936170212765955
J Yadav,447,398,9,20,66.33333333333333,6.738693467336684,49.666666666666664,44.22222222222222,0.45,153.0,38.44221105527638
JA Morkel,2409,1807,96,87,301.1666666666667,7.998893193137797,25.09375,18.822916666666668,1.103448275862069,646.0,35.749861649142225
JA Richardson,162,94,3,4,15.666666666666666,10.340425531914894,54.0,31.333333333333332,0.75,30.0,31.914893617021278
JC Archer,1210,987,49,40,164.5,7.355623100303951,24.693877551020407,20.142857142857142,1.225,420.0,42.5531914893617
JD Ryder,314,241,11,16,40.166666666666664,7.817427385892117,28.545454545454547,21.90909090909091,0.6875,79.0,32.780082987551864
JD Unadkat,3219,2194,109,104,365.6666666666667,8.803099361896079,29.53211009174312,20.128440366972477,1.0480769230769231,684.0,31.175934366453966
JDP Oram,362,244,13,14,40.666666666666664,8.901639344262296,27.846153846153847,18.76923076923077,0.9285714285714286,79.0,32.37704918032787
JDS Neesham,342,222,8,13,37.0,9.243243243243244,42.75,27.75,0.6153846153846154,63.0,28.37837837837838
JE Root,15,12,0,1,2.0,7.5,15.0,12.0,0.0,1.0,8.333333333333332
JE Taylor,167,122,6,5,20.333333333333332,8.213114754098362,27.833333333333332,20.333333333333332,1.2,48.0,39.34426229508197
JEC Franklin,225,155,9,15,25.833333333333332,8.70967741935484,25.0,17.22222222222222,0.6,39.0,25.161290322580644
JH Kallis,2348,1799,74,89,299.8333333333333,7.8310172317954425,31.72972972972973,24.31081081081081,0.8314606741573034,601.0,33.407448582545854
JJ Bumrah,3840,3185,182,133,530.8333333333334,7.233908948194662,21.0989010989011,17.5,1.368421052631579,1228.0,38.555729984301415
JJ van der Wath,134,76,3,3,12.666666666666666,10.578947368421053,44.666666666666664,25.333333333333332,1.0,29.0,38.15789473684211
JL Pattinson,321,222,11,10,37.0,8.675675675675675,29.181818181818183,20.181818181818183,1.1,77.0,34.68468468468468
JM Kemp,58,47,3,5,7.833333333333333,7.404255319148937,19.333333333333332,15.666666666666666,0.6,15.0,31.914893617021278
JO Holder,1489,1049,59,46,174.83333333333334,8.516682554814109,25.23728813559322,17.779661016949152,1.2826086956521738,321.0,30.60057197330791
JP Behrendorff,563,379,22,17,63.166666666666664,8.91292875989446,25.59090909090909,17.227272727272727,1.2941176470588236,139.0,36.675461741424805
JP Duminy,847,701,23,49,116.83333333333333,7.249643366619116,36.82608695652174,30.47826086956522,0.46938775510204084,234.0,33.38088445078459
JP Faulkner,1849,1287,76,60,214.5,8.62004662004662,24.32894736842105,16.93421052631579,1.2666666666666666,399.0,31.002331002331
JPR Scantlebury-Searles,89,45,2,3,7.5,11.866666666666667,44.5,22.5,0.6666666666666666,7.0,15.555555555555555
JR Hazlewood,830,622,36,27,103.66666666666667,8.006430868167202,23.055555555555557,17.27777777777778,1.3333333333333333,259.0,41.639871382636656
JR Hopes,562,369,14,20,61.5,9.138211382113822,40.142857142857146,26.357142857142858,0.7,105.0,28.455284552845526
JW Hastings,66,61,3,3,10.166666666666666,6.491803278688525,22.0,20.333333333333332,1.0,31.0,50.81967213114754
Jalaj S Saxena,27,18,0,1,3.0,9.0,27.0,18.0,0.0,5.0,27.77777777777778
Jaskaran Singh,174,111,6,7,18.5,9.405405405405405,29.0,18.5,0.8571428571428571,39.0,35.13513513513514
Joginder Sharma,421,272,13,15,45.333333333333336,9.286764705882353,32.38461538461539,20.923076923076923,0.8666666666666667,71.0,26.10294117647059
K Goel,94,67,0,6,11.166666666666666,8.417910447761194,94.0,67.0,0.0,19.0,28.35820895522388
K Gowtham,825,599,22,35,99.83333333333333,8.263772954924875,37.5,27.227272727272727,0.6285714285714286,206.0,34.390651085141904
K Kartikeya,334,241,10,12,40.166666666666664,8.315352697095436,33.4,24.1,0.8333333333333334,69.0,28.63070539419087
K Khejroliya,221,129,5,7,21.5,10.279069767441861,44.2,25.8,0.7142857142857143,32.0,24.8062015503876
K Rabada,2652,1907,126,80,317.8333333333333,8.34399580492921,21.047619047619047,15.134920634920634,1.575,717.0,37.598321971683276
K Santokie,91,51,3,2,8.5,10.705882352941176,30.333333333333332,17.0,1.5,15.0,29.411764705882355
K Upadhyay,81,56,0,3,9.333333333333334,8.678571428571429,81.0,56.0,0.0,20.0,35.714285714285715
K Yadav,85,54,2,3,9.0,9.444444444444445,42.5,27.0,0.6666666666666666,13.0,24.074074074074073
KA Jamieson,271,179,9,9,29.833333333333332,9.083798882681565,30.11111111111111,19.88888888888889,1.0,69.0,38.547486033519554
KA Maharaj,39,36,2,2,6.0,6.5,19.5,18.0,1.0,11.0,30.555555555555557
KA Pollard,2200,1586,81,107,264.3333333333333,8.32282471626734,27.160493827160494,19.580246913580247,0.7570093457943925,405.0,25.535939470365697
KAJ Roach,80,52,0,2,8.666666666666666,9.230769230769232,80.0,52.0,0.0,20.0,38.46153846153847
KC Cariappa,349,224,8,11,37.333333333333336,9.348214285714285,43.625,28.0,0.7272727272727273,61.0,27.232142857142854
KH Pandya,2644,2183,80,117,363.8333333333333,7.267063673843335,33.05,27.2875,0.6837606837606838,676.0,30.966559780119102
KJ Abbott,182,102,2,5,17.0,10.705882352941176,91.0,51.0,0.4,28.0,27.450980392156865
KK Ahmed,1918,1345,78,57,224.16666666666666,8.556133828996282,24.58974358974359,17.243589743589745,1.368421052631579,512.0,38.066914498141266
KK Cooper,789,600,36,25,100.0,7.89,21.916666666666668,16.666666666666668,1.44,184.0,30.666666666666664
KL Nagarkoti,287,185,5,11,30.833333333333332,9.308108108108108,57.4,37.0,0.45454545454545453,50.0,27.027027027027028
KM Asif,232,143,7,7,23.833333333333332,9.734265734265735,33.142857142857146,20.428571428571427,1.0,46.0,32.16783216783217
KMA Paul,239,180,10,8,30.0,7.966666666666667,23.9,18.0,1.25,52.0,28.888888888888886
KMDN Kulasekara,122,107,6,5,17.833333333333332,6.841121495327103,20.333333333333332,17.833333333333332,1.2,45.0,42.05607476635514
KP Appanna,291,222,11,13,37.0,7.864864864864865,26.454545454545453,20.181818181818183,0.8461538461538461,68.0,30.630630630630627
KP Pietersen,218,180,9,13,30.0,7.266666666666667,24.22222222222222,20.0,0.6923076923076923,54.0,30.0
KR Mayers,59,46,0,6,7.666666666666667,7.695652173913043,59.0,46.0,0.0,14.0,30.434782608695656
KR Sen,396,255,14,12,42.5,9.31764705882353,28.285714285714285,18.214285714285715,1.1666666666666667,83.0,32.549019607843135
KS Williamson,31,18,0,2,3.0,10.333333333333334,31.0,18.0,0.0,2.0,11.11111111111111
KT Maphaka,90,39,1,2,6.5,13.846153846153847,90.0,39.0,0.5,11.0,28.205128205128204
KV Sharma,2130,1520,82,82,253.33333333333334,8.407894736842104,25.975609756097562,18.536585365853657,1.0,483.0,31.776315789473685
KW Richardson,479,345,21,15,57.5,8.330434782608696,22.80952380952381,16.428571428571427,1.4,129.0,37.391304347826086
Kamran Khan,248,177,14,9,29.5,8.40677966101695,17.714285714285715,12.642857142857142,1.5555555555555556,63.0,35.59322033898305
Karanveer Singh,323,213,14,9,35.5,9.098591549295774,23.071428571428573,15.214285714285714,1.5555555555555556,64.0,30.046948356807512
Kartik Tyagi,720,458,16,20,76.33333333333333,9.43231441048035,45.0,28.625,0.8,148.0,32.314410480349345
Kuldeep Yadav,2413,1786,90,82,297.6666666666667,8.106382978723405,26.81111111111111,19.844444444444445,1.0975609756097562,520.0,29.11534154535274
L Ablish,76,45,5,3,7.5,10.133333333333333,15.2,9.0,1.6666666666666667,10.0,22.22222222222222
L Balaji,2083,1574,85,73,262.3333333333333,7.940279542566709,24.50588235294118,18.51764705882353,1.1643835616438356,537.0,34.11689961880559
L Ngidi,460,342,28,14,57.0,8.070175438596491,16.428571428571427,12.214285714285714,2.0,131.0,38.30409356725146
L Wood,94,38,1,2,6.333333333333333,14.842105263157896,94.0,38.0,0.5,8.0,21.052631578947366
LA Carseldine,6,7,1,1,1.1666666666666667,5.142857142857142,6.0,7.0,1.0,4.0,57.14285714285714
LB Williams,74,42,1,2,7.0,10.571428571428571,74.0,42.0,0.5,12.0,28.57142857142857
LE Plunkett,228,154,4,7,25.666666666666668,8.883116883116882,57.0,38.5,0.5714285714285714,39.0,25.324675324675322
LH Ferguson,1451,1002,57,45,167.0,8.688622754491018,25.45614035087719,17.57894736842105,1.2666666666666666,351.0,35.029940119760475
LI Meriwala,32,19,1,1,3.1666666666666665,10.105263157894738,32.0,19.0,1.0,6.0,31.57894736842105
LJ Wright,125,75,2,6,12.5,10.0,62.5,37.5,0.3333333333333333,14.0,18.666666666666668
LMP Simmons,34,18,1,1,3.0,11.333333333333334,34.0,18.0,1.0,2.0,11.11111111111111
LPC Silva,21,6,0,1,1.0,21.0,21.0,6.0,0.0,,
LR Shukla,458,326,17,27,54.333333333333336,8.429447852760736,26.941176470588236,19.176470588235293,0.6296296296296297,109.0,33.43558282208589
LRPL Taylor,24,13,0,2,2.1666666666666665,11.076923076923078,24.0,13.0,0.0,,
LS Livingstone,395,267,11,22,44.5,8.876404494382022,35.90909090909091,24.272727272727273,0.5,71.0,26.591760299625467
Lalit Yadav,430,294,11,19,49.0,8.775510204081632,39.09090909090909,26.727272727272727,0.5789473684210527,82.0,27.89115646258503
M Ashwin,1182,898,35,44,149.66666666666666,7.8975501113585755,33.77142857142857,25.65714285714286,0.7954545454545454,283.0,31.514476614699333
M Jansen,732,487,22,21,81.16666666666667,9.018480492813142,33.27272727272727,22.136363636363637,1.0476190476190477,176.0,36.139630390143736
M Kartik,1418,1182,39,55,197.0,7.197969543147208,36.35897435897436,30.307692307692307,0.7090909090909091,382.0,32.31810490693739
M Manhas,42,42,0,3,7.0,6.0,42.0,42.0,0.0,15.0,35.714285714285715
M Markande,1081,737,37,37,122.83333333333333,8.800542740841248,29.216216216216218,19.91891891891892,1.0,210.0,28.493894165535956
M Morkel,2136,1699,88,70,283.1666666666667,7.543260741612713,24.272727272727273,19.306818181818183,1.2571428571428571,708.0,41.6715715126545
M Muralitharan,1765,1581,67,66,263.5,6.698292220113852,26.34328358208955,23.597014925373134,1.0151515151515151,600.0,37.95066413662239
M Ntini,257,213,8,9,35.5,7.23943661971831,32.125,26.625,0.8888888888888888,99.0,46.478873239436616
M Pathirana,617,503,38,20,83.83333333333333,7.359840954274354,16.236842105263158,13.236842105263158,1.9,160.0,31.809145129224653
M Prasidh Krishna,1741,1231,54,51,205.16666666666666,8.48578391551584,32.24074074074074,22.796296296296298,1.0588235294117647,475.0,38.58651502843217
M Shahrukh Khan,16,12,0,2,2.0,8.0,16.0,12.0,0.0,3.0,25.0
M Siddharth,72,58,1,3,9.666666666666666,7.448275862068966,72.0,58.0,0.3333333333333333,22.0,37.93103448275862
M Theekshana,814,631,25,27,105.16666666666667,7.740095087163232,32.56,25.24,0.9259259259259259,190.0,30.11093502377179
M Vijay,49,37,0,4,6.166666666666667,7.945945945945946,49.0,37.0,0.0,8.0,21.62162162162162
M de Lange,171,116,6,5,19.333333333333332,8.844827586206897,28.5,19.333333333333332,1.2,39.0,33.62068965517241
MA Khote,52,30,2,2,5.0,10.4,26.0,15.0,1.0,5.0,16.666666666666664
MA Starc,1175,879,59,39,146.5,8.020477815699659,19.915254237288135,14.898305084745763,1.5128205128205128,334.0,37.997724687144476
MA Wood,192,127,11,5,21.166666666666668,9.070866141732283,17.454545454545453,11.545454545454545,2.2,47.0,37.00787401574803
MB Parmar,33,19,0,1,3.1666666666666665,10.421052631578949,33.0,19.0,0.0,4.0,21.052631578947366
MC Henriques,1302,979,46,60,163.16666666666666,7.9795709908069465,28.304347826086957,21.282608695652176,0.7666666666666667,306.0,31.256384065372828
MF Maharoof,532,441,33,20,73.5,7.238095238095238,16.12121212121212,13.363636363636363,1.65,165.0,37.41496598639456
MG Bracewell,95,66,6,5,11.0,8.636363636363637,15.833333333333334,11.0,1.2,26.0,39.39393939393939
MG Johnson,1740,1301,66,54,216.83333333333334,8.024596464258263,26.363636363636363,19.71212121212121,1.2222222222222223,535.0,41.12221368178324
MG Neser,62,25,0,1,4.166666666666667,14.879999999999999,62.0,25.0,0.0,5.0,20.0
MJ Clarke,72,66,3,5,11.0,6.545454545454546,24.0,22.0,0.6,22.0,33.33333333333333
MJ Henry,183,105,3,6,17.5,10.457142857142857,61.0,35.0,0.5,31.0,29.523809523809526
MJ McClenaghan,1839,1346,75,56,224.33333333333334,8.197622585438335,24.52,17.946666666666665,1.3392857142857142,507.0,37.667161961367015
MJ Santner,428,370,16,18,61.666666666666664,6.940540540540541,26.75,23.125,0.8888888888888888,134.0,36.21621621621622
MJ Suthar,26,12,0,1,2.0,13.0,26.0,12.0,0.0,4.0,33.33333333333333
MK Lomror,127,94,2,11,15.666666666666666,8.106382978723405,63.5,47.0,0.18181818181818182,22.0,23.404255319148938
MK Tiwary,83,45,1,6,7.5,11.066666666666666,83.0,45.0,0.16666666666666666,9.0,20.0
MM Ali,900,770,40,52,128.33333333333334,7.012987012987012,22.5,19.25,0.7692307692307693,266.0,34.54545454545455
MM Patel,1733,1382,82,63,230.33333333333334,7.523878437047757,21.134146341463413,16.853658536585368,1.3015873015873016,590.0,42.6917510853835
MM Sharma,3278,2308,147,111,384.6666666666667,8.52166377816291,22.299319727891156,15.700680272108844,1.3243243243243243,782.0,33.882149046793764
MN Samuels,285,219,10,11,36.5,7.808219178082192,28.5,21.9,0.9090909090909091,79.0,36.07305936073059
MP Stoinis,1300,831,45,62,138.5,9.386281588447654,28.88888888888889,18.466666666666665,0.7258064516129032,219.0,26.353790613718413
MP Yadav,88,76,8,4,12.666666666666666,6.947368421052632,11.0,9.5,2.0,39.0,51.31578947368421
MR Marsh,803,593,37,34,98.83333333333333,8.1247892074199,21.7027027027027,16.027027027027028,1.088235294117647,181.0,30.522765598650924
MS Gony,1317,925,39,44,154.16666666666666,8.542702702702703,33.76923076923077,23.71794871794872,0.8863636363636364,348.0,37.62162162162162
MW Short,25,25,0,3,4.166666666666667,6.0,25.0,25.0,0.0,11.0,44.0
Mandeep Singh,26,12,0,2,2.0,13.0,26.0,12.0,0.0,1.0,8.333333333333332
Mashrafe Mortaza,59,28,1,1,4.666666666666667,12.642857142857142,59.0,28.0,1.0,6.0,21.428571428571427
Mayank Dagar,205,138,2,8,23.0,8.91304347826087,102.5,69.0,0.25,43.0,31.15942028985507
Mohammad Asif,307,199,9,8,33.166666666666664,9.256281407035177,34.111111111111114,22.11111111111111,1.125,64.0,32.1608040201005
Mohammad Hafeez,71,63,2,4,10.5,6.761904761904762,35.5,31.5,0.5,22.0,34.92063492063492
Mohammad Nabi,527,419,15,23,69.83333333333333,7.5465393794749405,35.13333333333333,27.933333333333334,0.6521739130434783,146.0,34.84486873508354
Mohammed Shami,3486,2521,144,110,420.1666666666667,8.296707655692185,24.208333333333332,17.506944444444443,1.309090909090909,984.0,39.03213010710036
Mohammed Siraj,2894,2081,96,93,346.8333333333333,8.34406535319558,30.145833333333332,21.677083333333332,1.032258064516129,806.0,38.731379144642
Mohit Rathee,29,12,0,1,2.0,14.5,29.0,12.0,0.0,3.0,25.0
Mohsin Khan,698,507,27,23,84.5,8.2603550295858,25.85185185185185,18.77777777777778,1.173913043478261,209.0,41.222879684418146
Monu Kumar,20,16,0,1,2.6666666666666665,7.5,20.0,16.0,0.0,4.0,25.0
Mujeeb Ur Rahman,598,452,20,19,75.33333333333333,7.938053097345133,29.9,22.6,1.0526315789473684,147.0,32.52212389380531
Mukesh Choudhary,452,298,16,14,49.666666666666664,9.100671140939598,28.25,18.625,1.1428571428571428,120.0,40.26845637583892
Mukesh Kumar,707,420,31,20,70.0,10.1,22.806451612903224,13.548387096774194,1.55,130.0,30.952380952380953
Mustafizur Rahman,1792,1353,70,57,225.5,7.946784922394679,25.6,19.32857142857143,1.2280701754385965,464.0,34.29416112342942
N Burger,152,105,7,5,17.5,8.685714285714285,21.714285714285715,15.0,1.4,46.0,43.80952380952381
N Rana,253,185,10,24,30.833333333333332,8.205405405405406,25.3,18.5,0.4166666666666667,58.0,31.351351351351354
N Thushara,259,172,8,7,28.666666666666668,9.034883720930232,32.375,21.5,1.1428571428571428,49.0,28.488372093023255
N Wadhera,13,12,0,1,2.0,6.5,13.0,12.0,0.0,2.0,16.666666666666664
NA Saini,35,15,0,1,2.5,14.0,35.0,15.0,0.0,2.0,13.333333333333334
NB Singh,18,25,1,2,4.166666666666667,4.319999999999999,18.0,25.0,0.5,13.0,52.0
ND Doshi,79,57,2,4,9.5,8.31578947368421,39.5,28.5,0.5,24.0,42.10526315789473
NJ Rimmington,20,18,0,1,3.0,6.666666666666667,20.0,18.0,0.0,9.0,50.0
NL McCullum,35,30,0,2,5.0,7.0,35.0,30.0,0.0,10.0,33.33333333333333
NLTC Perera,1031,715,37,36,119.16666666666667,8.651748251748252,27.864864864864863,19.324324324324323,1.0277777777777777,227.0,31.74825174825175
NM Coulter-Nile,1125,892,52,38,148.66666666666666,7.567264573991032,21.634615384615383,17.153846153846153,1.368421052631579,368.0,41.25560538116592
NT Ellis,514,365,19,16,60.833333333333336,8.449315068493151,27.05263157894737,19.210526315789473,1.1875,112.0,30.684931506849317
Naman Dhir,55,29,0,3,4.833333333333333,11.379310344827587,55.0,29.0,0.0,3.0,10.344827586206897
Navdeep Saini,968,682,26,31,113.66666666666667,8.516129032258064,37.23076923076923,26.23076923076923,0.8387096774193549,272.0,39.882697947214076
Naveen-ul-Haq,602,407,26,17,67.83333333333333,8.874692874692876,23.153846153846153,15.653846153846153,1.5294117647058822,133.0,32.67813267813268
Nithish Kumar Reddy,208,118,4,9,19.666666666666668,10.576271186440678,52.0,29.5,0.4444444444444444,29.0,24.576271186440678
Noor Ahmad,672,513,24,23,85.5,7.859649122807017,28.0,21.375,1.0434782608695652,171.0,33.33333333333333
O Thomas,85,63,5,4,10.5,8.095238095238095,17.0,12.6,1.25,17.0,26.984126984126984
OC McCoy,255,180,11,8,30.0,8.5,23.181818181818183,16.363636363636363,1.375,49.0,27.22222222222222
OF Smith,179,95,7,6,15.833333333333334,11.305263157894736,25.571428571428573,13.571428571428571,1.1666666666666667,35.0,36.84210526315789
P Amarnath,241,132,7,6,22.0,10.954545454545455,34.42857142857143,18.857142857142858,1.1666666666666667,29.0,21.96969696969697
P Awana,1046,774,43,33,129.0,8.108527131782946,24.325581395348838,18.0,1.303030303030303,293.0,37.85529715762274
P Dubey,91,67,1,4,11.166666666666666,8.149253731343284,91.0,67.0,0.25,20.0,29.850746268656714
P Kumar,3342,2637,102,119,439.5,7.604095563139932,32.76470588235294,25.852941176470587,0.8571428571428571,1075.0,40.76602199469094
P Negi,954,733,38,42,122.16666666666667,7.80900409276944,25.105263157894736,19.289473684210527,0.9047619047619048,237.0,32.33287858117326
P Parameswaran,226,159,9,8,26.5,8.528301886792454,25.11111111111111,17.666666666666668,1.125,64.0,40.25157232704403
P Prasanth,18,6,0,1,1.0,18.0,18.0,6.0,0.0,3.0,50.0
P Ray Barman,56,24,0,1,4.0,14.0,56.0,24.0,0.0,2.0,8.333333333333332
P Sahu,152,107,3,5,17.833333333333332,8.52336448598131,50.666666666666664,35.666666666666664,0.6,24.0,22.429906542056074
P Suyal,154,107,2,5,17.833333333333332,8.63551401869159,77.0,53.5,0.4,36.0,33.64485981308411
PC Valthaty,207,153,7,10,25.5,8.117647058823529,29.571428571428573,21.857142857142858,0.7,44.0,28.75816993464052
PD Collingwood,101,90,5,6,15.0,6.733333333333333,20.2,18.0,0.8333333333333334,24.0,26.666666666666668
PH Solanki,39,36,2,2,6.0,6.5,19.5,18.0,1.0,11.0,30.555555555555557
PJ Cummins,1976,1370,66,58,228.33333333333334,8.654014598540146,29.939393939393938,20.757575757575758,1.1379310344827587,467.0,34.087591240875916
PJ Sangwan,1267,905,44,42,150.83333333333334,8.4,28.795454545454547,20.568181818181817,1.0476190476190477,319.0,35.248618784530386
PM Sarvesh Kumar,42,31,1,2,5.166666666666667,8.129032258064516,42.0,31.0,0.5,11.0,35.483870967741936
PP Chawla,5179,3895,201,191,649.1666666666666,7.977920410783056,25.766169154228855,19.378109452736318,1.0523560209424083,1325.0,34.017971758664956
PP Ojha,2399,1945,99,90,324.1666666666667,7.40051413881748,24.232323232323232,19.646464646464647,1.1,667.0,34.29305912596401
PV Tambe,866,674,28,33,112.33333333333333,7.70919881305638,30.928571428571427,24.071428571428573,0.8484848484848485,204.0,30.267062314540063
PVD Chameera,442,297,11,13,49.5,8.929292929292929,40.18181818181818,27.0,0.8461538461538461,122.0,41.07744107744108
PWH de Silva,758,557,36,26,92.83333333333333,8.165170556552964,21.055555555555557,15.472222222222221,1.3846153846153846,202.0,36.2657091561939
Pankaj Singh,472,311,11,17,51.833333333333336,9.106109324758842,42.90909090909091,28.272727272727273,0.6470588235294118,111.0,35.69131832797427
Parvez Rasool,273,200,4,11,33.333333333333336,8.19,68.25,50.0,0.36363636363636365,60.0,30.0
R Ashwin,5435,4679,198,208,779.8333333333334,6.969437914084206,27.449494949494948,23.63131313131313,0.9519230769230769,1552.0,33.16948065826031
R Bhatia,2059,1661,82,91,276.8333333333333,7.437688139674895,25.109756097560975,20.25609756097561,0.9010989010989011,436.0,26.249247441300422
R Dhawan,922,693,27,36,115.5,7.982683982683983,34.148148148148145,25.666666666666668,0.75,205.0,29.58152958152958
R Goyal,34,24,0,1,4.0,8.5,34.0,24.0,0.0,6.0,25.0
R McLaren,558,372,14,18,62.0,9.0,39.857142857142854,26.571428571428573,0.7777777777777778,116.0,31.182795698924732
R Ninan,65,36,3,2,6.0,10.833333333333334,21.666666666666668,12.0,1.5,8.0,22.22222222222222
R Parag,307,181,5,21,30.166666666666668,10.176795580110497,61.4,36.2,0.23809523809523808,36.0,19.88950276243094
R Powell,35,21,1,2,3.5,10.0,35.0,21.0,0.5,4.0,19.047619047619047
R Rampaul,319,278,17,12,46.333333333333336,6.884892086330935,18.764705882352942,16.352941176470587,1.4166666666666667,130.0,46.76258992805755
R Ravindra,7,12,0,2,2.0,3.5,7.0,12.0,0.0,5.0,41.66666666666667
R Sai Kishore,259,191,13,10,31.833333333333332,8.136125654450263,19.923076923076923,14.692307692307692,1.3,56.0,29.31937172774869
R Sanjay Yadav,23,14,0,1,2.3333333333333335,9.857142857142856,23.0,14.0,0.0,6.0,42.857142857142854
R Sathish,233,144,6,14,24.0,9.708333333333334,38.833333333333336,24.0,0.42857142857142855,30.0,20.833333333333336
R Sharma,1100,935,42,44,155.83333333333334,7.0588235294117645,26.19047619047619,22.261904761904763,0.9545454545454546,334.0,35.721925133689844
R Shepherd,260,133,6,8,22.166666666666668,11.729323308270676,43.333333333333336,22.166666666666668,0.75,38.0,28.57142857142857
R Shukla,217,130,7,7,21.666666666666668,10.015384615384615,31.0,18.571428571428573,1.0,38.0,29.230769230769234
R Tewatia,1117,866,36,52,144.33333333333334,7.739030023094688,31.02777777777778,24.055555555555557,0.6923076923076923,264.0,30.484988452655887
R Vinay Kumar,3041,2186,127,104,364.3333333333333,8.346752058554438,23.944881889763778,17.212598425196852,1.2211538461538463,763.0,34.90393412625801
RA Jadeja,4917,3895,169,211,649.1666666666666,7.5743260590500645,29.09467455621302,23.047337278106507,0.8009478672985783,1216.0,31.21951219512195
RA Shaikh,11,6,0,1,1.0,11.0,11.0,6.0,0.0,1.0,16.666666666666664
RA Tripathi,12,6,0,1,1.0,12.0,12.0,6.0,0.0,,
RD Chahar,2165,1697,76,77,282.8333333333333,7.65468473777254,28.486842105263158,22.32894736842105,0.987012987012987,574.0,33.82439599292869
RE van der Merwe,515,455,25,21,75.83333333333333,6.791208791208792,20.6,18.2,1.1904761904761905,148.0,32.527472527472526
RG More,63,37,1,2,6.166666666666667,10.216216216216216,63.0,37.0,0.5,4.0,10.81081081081081
RG Sharma,462,349,16,32,58.166666666666664,7.9426934097421205,28.875,21.8125,0.5,88.0,25.214899713467048
RJ Gleeson,72,51,1,2,8.5,8.470588235294118,72.0,51.0,0.5,19.0,37.254901960784316
RJ Harris,1085,865,47,37,144.16666666666666,7.526011560693642,23.085106382978722,18.404255319148938,1.2702702702702702,364.0,42.08092485549133
RJ Peterson,70,48,3,4,8.0,8.75,23.333333333333332,16.0,0.75,21.0,43.75
RJW Topley,182,107,5,5,17.833333333333332,10.205607476635514,36.4,21.4,1.0,38.0,35.51401869158878
RN ten Doeschate,94,83,3,10,13.833333333333334,6.795180722891566,31.333333333333332,27.666666666666668,0.3,22.0,26.506024096385545
RP Meredith,621,415,21,18,69.16666666666667,8.978313253012047,29.571428571428573,19.761904761904763,1.1666666666666667,147.0,35.42168674698795
RP Singh,2417,1874,100,82,312.3333333333333,7.738527214514408,24.17,18.74,1.2195121951219512,744.0,39.701173959445036
RR Bhatkal,35,12,0,1,2.0,17.5,35.0,12.0,0.0,,
RR Bose,24,12,0,1,2.0,12.0,24.0,12.0,0.0,5.0,41.66666666666667
RR Powar,538,443,15,26,73.83333333333333,7.286681715575622,35.86666666666667,29.533333333333335,0.5769230769230769,166.0,37.471783295711056
RR Raje,214,144,7,10,24.0,8.916666666666666,30.571428571428573,20.571428571428573,0.7,39.0,27.083333333333332
RS Bopara,301,213,13,14,35.5,8.47887323943662,23.153846153846153,16.384615384615383,0.9285714285714286,61.0,28.638497652582164
RS Gavaskar,8,6,0,1,1.0,8.0,8.0,6.0,0.0,2.0,33.33333333333333
RS Hangargekar,60,43,3,2,7.166666666666667,8.372093023255813,20.0,14.333333333333334,1.5,14.0,32.55813953488372
RV Gomez,130,97,6,9,16.166666666666668,8.041237113402062,21.666666666666668,16.166666666666668,0.6666666666666666,37.0,38.144329896907216
RV Patel,22,20,0,1,3.3333333333333335,6.6,22.0,20.0,0.0,5.0,25.0
RW Price,33,18,0,1,3.0,11.0,33.0,18.0,0.0,1.0,5.555555555555555
Ramandeep Singh,64,45,6,4,7.5,8.533333333333333,10.666666666666666,7.5,1.5,12.0,26.666666666666668
Rashid Khan,3340,2901,157,121,483.5,6.907962771458118,21.273885350318473,18.477707006369428,1.2975206611570247,1060.0,36.53912443984833
Rasikh Salam,341,207,9,11,34.5,9.884057971014492,37.888888888888886,23.0,0.8181818181818182,56.0,27.053140096618357
Ravi Bishnoi,1861,1460,68,65,243.33333333333334,7.647945205479452,27.36764705882353,21.470588235294116,1.0461538461538462,492.0,33.6986301369863
S Aravind,1057,788,48,38,131.33333333333334,8.048223350253807,22.020833333333332,16.416666666666668,1.263157894736842,290.0,36.80203045685279
S Badree,329,263,11,12,43.833333333333336,7.505703422053232,29.90909090909091,23.90909090909091,0.9166666666666666,109.0,41.44486692015209
S Dhawan,72,49,4,6,8.166666666666666,8.816326530612246,18.0,12.25,0.6666666666666666,17.0,34.69387755102041
S Dube,190,117,6,14,19.5,9.743589743589743,31.666666666666668,19.5,0.42857142857142855,23.0,19.65811965811966
S Gopal,1358,1000,53,51,166.66666666666666,8.148,25.62264150943396,18.867924528301888,1.0392156862745099,317.0,31.7
S Joseph,51,30,0,1,5.0,10.2,51.0,30.0,0.0,9.0,30.0
S Kaul,1772,1238,63,55,206.33333333333334,8.588045234248789,28.126984126984127,19.650793650793652,1.1454545454545455,387.0,31.260096930533116
S Kaushik,304,210,6,10,35.0,8.685714285714285,50.666666666666664,35.0,0.6,68.0,32.38095238095238
S Ladda,225,141,5,9,23.5,9.574468085106384,45.0,28.2,0.5555555555555556,48.0,34.04255319148936
S Lamichhane,297,211,14,9,35.166666666666664,8.445497630331754,21.214285714285715,15.071428571428571,1.5555555555555556,75.0,35.54502369668246
S Midhun,29,13,0,1,2.1666666666666665,13.384615384615385,29.0,13.0,0.0,3.0,23.076923076923077
S Nadeem,1800,1444,54,70,240.66666666666666,7.4792243767313025,33.333333333333336,26.74074074074074,0.7714285714285715,453.0,31.371191135734072
S Narwal,203,113,6,6,18.833333333333332,10.778761061946904,33.833333333333336,18.833333333333332,1.0,37.0,32.743362831858406
S Rana,18,16,0,3,2.6666666666666665,6.75,18.0,16.0,0.0,5.0,31.25
S Randiv,223,180,8,8,30.0,7.433333333333334,27.875,22.5,1.0,60.0,33.33333333333333
S Sandeep Warrier,257,176,8,10,29.333333333333332,8.761363636363637,32.125,22.0,0.8,72.0,40.909090909090914
S Sreesanth,1221,947,43,44,157.83333333333334,7.736008447729672,28.3953488372093,22.023255813953487,0.9772727272727273,399.0,42.13305174234424
S Sriram,49,18,0,2,3.0,16.333333333333332,49.0,18.0,0.0,2.0,11.11111111111111
S Tyagi,304,220,6,14,36.666666666666664,8.290909090909091,50.666666666666664,36.666666666666664,0.42857142857142855,93.0,42.27272727272727
S Vidyut,22,13,1,1,2.1666666666666665,10.153846153846155,22.0,13.0,1.0,5.0,38.46153846153847
SA Abbott,104,59,1,3,9.833333333333334,10.576271186440678,104.0,59.0,0.3333333333333333,13.0,22.033898305084744
SA Yadav,8,6,0,1,1.0,8.0,8.0,6.0,0.0,2.0,33.33333333333333
SB Bangar,221,153,6,9,25.5,8.666666666666666,36.833333333333336,25.5,0.6666666666666666,55.0,35.947712418300654
SB Jakati,1474,1101,50,57,183.5,8.032697547683924,29.48,22.02,0.8771929824561403,337.0,30.60853769300636
SB Joshi,82,55,1,4,9.166666666666666,8.945454545454545,82.0,55.0,0.25,18.0,32.72727272727273
SB Styris,278,222,9,11,37.0,7.513513513513513,30.88888888888889,24.666666666666668,0.8181818181818182,83.0,37.38738738738739
SB Wagh,147,108,5,8,18.0,8.166666666666666,29.4,21.6,0.625,45.0,41.66666666666667
SC Ganguly,370,280,12,20,46.666666666666664,7.928571428571429,30.833333333333332,23.333333333333332,0.6,75.0,26.785714285714285
SC Kuggeleijn,71,50,2,2,8.333333333333334,8.52,35.5,25.0,1.0,17.0,34.0
SD Chitnis,62,38,2,2,6.333333333333333,9.789473684210527,31.0,19.0,1.0,9.0,23.684210526315788
SE Bond,225,191,9,8,31.833333333333332,7.068062827225131,25.0,21.22222222222222,1.125,75.0,39.26701570680628
SE Rutherford,60,46,1,6,7.666666666666667,7.826086956521739,60.0,46.0,0.16666666666666666,7.0,15.217391304347828
SH Johnson,155,99,4,5,16.5,9.393939393939394,38.75,24.75,0.8,34.0,34.34343434343434
SJ Srivastava,444,306,15,14,51.0,8.705882352941176,29.6,20.4,1.0714285714285714,103.0,33.66013071895425
SK Raina,1139,930,30,69,155.0,7.348387096774194,37.96666666666667,31.0,0.43478260869565216,280.0,30.107526881720432
SK Trivedi,1944,1557,73,75,259.5,7.491329479768786,26.63013698630137,21.328767123287673,0.9733333333333334,492.0,31.59922928709056
SK Warne,1465,1223,60,54,203.83333333333334,7.187244480784955,24.416666666666668,20.383333333333333,1.1111111111111112,426.0,34.8323793949305
SL Malinga,3486,2974,188,122,495.6666666666667,7.032952252858103,18.54255319148936,15.819148936170214,1.540983606557377,1144.0,38.46671149966375
SM Boland,56,43,3,2,7.166666666666667,7.813953488372093,18.666666666666668,14.333333333333334,1.5,14.0,32.55813953488372
SM Curran,1924,1234,62,58,205.66666666666666,9.354943273905997,31.032258064516128,19.903225806451612,1.0689655172413792,378.0,30.63209076175041
SM Harwood,74,67,3,3,11.166666666666666,6.6268656716417915,24.666666666666668,22.333333333333332,1.0,33.0,49.25373134328358
SM Pollock,307,280,13,13,46.666666666666664,6.578571428571429,23.615384615384617,21.53846153846154,1.0,130.0,46.42857142857143
SMSM Senanayake,211,195,9,8,32.5,6.492307692307692,23.444444444444443,21.666666666666668,1.125,73.0,37.43589743589744
SN Khan,6,2,0,1,0.3333333333333333,18.0,6.0,2.0,0.0,,
SN Thakur,2908,1979,100,92,329.8333333333333,8.816574027286508,29.08,19.79,1.0869565217391304,639.0,32.289034866093985
SP Narine,4672,4146,200,175,691.0,6.7612156295224315,23.36,20.73,1.1428571428571428,1569.0,37.84370477568741
SPD Smith,5,2,0,1,0.3333333333333333,15.0,5.0,2.0,0.0,,
SR Tendulkar,59,37,0,4,6.166666666666667,9.567567567567567,59.0,37.0,0.0,4.0,10.81081081081081
SR Watson,2742,2137,107,105,356.1666666666667,7.698642957416939,25.626168224299064,19.97196261682243,1.019047619047619,803.0,37.57604117922321
SS Agarwal,42,24,1,1,4.0,10.5,42.0,24.0,1.0,7.0,29.166666666666668
SS Cottrell,177,131,6,6,21.833333333333332,8.106870229007635,29.5,21.833333333333332,1.0,58.0,44.274809160305345
SS Iyer,7,6,0,1,1.0,7.0,7.0,6.0,0.0,4.0,66.66666666666666
SS Mundhe,6,7,1,1,1.1666666666666667,5.142857142857142,6.0,7.0,1.0,4.0,57.14285714285714
SS Sarkar,34,25,1,2,4.166666666666667,8.16,34.0,25.0,0.5,4.0,16.0
SSB Magala,52,37,1,2,6.166666666666667,8.432432432432432,52.0,37.0,0.5,5.0,13.513513513513514
ST Jayasuriya,396,301,16,21,50.166666666666664,7.893687707641196,24.75,18.8125,0.7619047619047619,83.0,27.57475083056478
STR Binny,763,611,28,63,101.83333333333333,7.4926350245499185,27.25,21.821428571428573,0.4444444444444444,199.0,32.56955810147299
SW Tait,668,534,26,21,89.0,7.50561797752809,25.692307692307693,20.53846153846154,1.2380952380952381,200.0,37.453183520599254
SZ Mulani,57,33,0,2,5.5,10.363636363636363,57.0,33.0,0.0,7.0,21.21212121212121
Sachin Baby,8,10,3,2,1.6666666666666667,4.8,2.6666666666666665,3.3333333333333335,1.5,5.0,50.0
Sandeep Sharma,3758,2925,153,126,487.5,7.708717948717949,24.562091503267975,19.11764705882353,1.2142857142857142,1122.0,38.35897435897436
Shahbaz Ahmed,850,549,21,42,91.5,9.289617486338798,40.476190476190474,26.142857142857142,0.5,142.0,25.865209471766846
Shahid Afridi,237,185,9,10,30.833333333333332,7.686486486486487,26.333333333333332,20.555555555555557,0.9,57.0,30.810810810810814
Shakib Al Hasan,1864,1515,71,70,252.5,7.3821782178217825,26.253521126760564,21.338028169014084,1.0142857142857142,504.0,33.26732673267327
Shashank Singh,25,19,1,3,3.1666666666666665,7.894736842105264,25.0,19.0,0.3333333333333333,2.0,10.526315789473683
Shivam Mavi,958,687,33,32,114.5,8.366812227074236,29.03030303030303,20.818181818181817,1.03125,254.0,36.972343522561864
Shivam Sharma,165,114,4,5,19.0,8.68421052631579,41.25,28.5,0.8,37.0,32.45614035087719
Shoaib Ahmed,154,103,5,7,17.166666666666668,8.970873786407767,30.8,20.6,0.7142857142857143,33.0,32.038834951456316
Shoaib Akhtar,54,46,5,3,7.666666666666667,7.0434782608695645,10.8,9.2,1.6666666666666667,23.0,50.0
Shoaib Malik,87,58,2,5,9.666666666666666,9.0,43.5,29.0,0.4,15.0,25.862068965517242
Sikandar Raza,146,88,3,7,14.666666666666666,9.954545454545455,48.666666666666664,29.333333333333332,0.42857142857142855,21.0,23.863636363636363
Simarjeet Singh,265,193,10,10,32.166666666666664,8.238341968911918,26.5,19.3,1.0,82.0,42.487046632124354
Sohail Tanvir,275,265,24,11,44.166666666666664,6.226415094339623,11.458333333333334,11.041666666666666,2.1818181818181817,121.0,45.660377358490564
Sumit Kumar,38,22,0,2,3.6666666666666665,10.363636363636363,38.0,22.0,0.0,4.0,18.181818181818183
Sunny Gupta,47,19,0,1,3.1666666666666665,14.842105263157896,47.0,19.0,0.0,,
Suyash Sharma,381,264,11,13,44.0,8.659090909090908,34.63636363636363,24.0,0.8461538461538461,85.0,32.196969696969695
Swapnil Singh,241,165,7,14,27.5,8.763636363636364,34.42857142857143,23.571428571428573,0.5,39.0,23.636363636363637
T Henderson,41,36,1,2,6.0,6.833333333333333,41.0,36.0,0.5,14.0,38.88888888888889
T Natarajan,2001,1401,76,61,233.5,8.569593147751606,26.32894736842105,18.43421052631579,1.2459016393442623,418.0,29.835831548893648
T Shamsi,185,120,3,5,20.0,9.25,61.666666666666664,40.0,0.6,28.0,23.333333333333332
T Stubbs,29,25,4,3,4.166666666666667,6.959999999999999,7.25,6.25,1.3333333333333333,9.0,36.0
T Thushara,164,144,10,6,24.0,6.833333333333333,16.4,14.4,1.6666666666666667,57.0,39.58333333333333
TA Boult,3286,2428,128,103,404.6666666666667,8.120263591433279,25.671875,18.96875,1.2427184466019416,986.0,40.609555189456344
TG Southee,1774,1262,57,54,210.33333333333334,8.434231378763867,31.12280701754386,22.140350877192983,1.0555555555555556,447.0,35.41996830427892
TK Curran,432,252,13,13,42.0,10.285714285714286,33.23076923076923,19.384615384615383,1.0,57.0,22.61904761904762
TL Suman,198,152,7,11,25.333333333333332,7.815789473684211,28.285714285714285,21.714285714285715,0.6363636363636364,43.0,28.289473684210524
TM Dilshan,368,275,5,25,45.833333333333336,8.02909090909091,73.6,55.0,0.2,79.0,28.72727272727273
TM Head,113,58,3,6,9.666666666666666,11.689655172413794,37.666666666666664,19.333333333333332,0.5,9.0,15.517241379310345
TP Sudhindra,137,74,1,3,12.333333333333334,11.108108108108107,137.0,74.0,0.3333333333333333,18.0,24.324324324324326
TS Mills,349,218,11,10,36.333333333333336,9.605504587155963,31.727272727272727,19.818181818181817,1.1,69.0,31.65137614678899
TU Deshpande,1275,831,46,36,138.5,9.205776173285198,27.717391304347824,18.065217391304348,1.2777777777777777,284.0,34.17569193742479
Tejas Baroka,33,21,0,1,3.5,9.428571428571429,33.0,21.0,0.0,6.0,28.57142857142857
Tilak Varma,28,23,0,4,3.8333333333333335,7.304347826086956,28.0,23.0,0.0,8.0,34.78260869565217
UT Yadav,4442,3190,163,147,531.6666666666666,8.354858934169279,27.25153374233129,19.570552147239265,1.1088435374149659,1186.0,37.17868338557994
Umar Gul,198,153,14,6,25.5,7.764705882352941,14.142857142857142,10.928571428571429,2.3333333333333335,51.0,33.33333333333333
Umran Malik,785,519,31,26,86.5,9.07514450867052,25.322580645161292,16.741935483870968,1.1923076923076923,205.0,39.4990366088632
V Kaverappa,36,24,2,1,4.0,9.0,18.0,12.0,2.0,11.0,45.83333333333333
V Kohli,371,264,5,26,44.0,8.431818181818182,74.2,52.8,0.19230769230769232,52.0,19.696969696969695
V Pratap Singh,300,211,12,9,35.166666666666664,8.530805687203792,25.0,17.583333333333332,1.3333333333333333,71.0,33.649289099526065
V Sehwag,236,138,6,15,23.0,10.26086956521739,39.333333333333336,23.0,0.4,44.0,31.88405797101449
V Shankar,344,258,12,22,43.0,8.0,28.666666666666668,21.5,0.5454545454545454,80.0,31.007751937984494
V Viyaskanth,90,60,1,3,10.0,9.0,90.0,60.0,0.3333333333333333,16.0,26.666666666666668
VG Arora,598,418,20,20,69.66666666666667,8.583732057416267,29.9,20.9,1.0,144.0,34.44976076555024
VR Aaron,1527,1065,46,50,177.5,8.60281690140845,33.19565217391305,23.152173913043477,0.92,387.0,36.33802816901409
VR Iyer,145,84,3,9,14.0,10.357142857142858,48.333333333333336,28.0,0.3333333333333333,15.0,17.857142857142858
VRV Singh,549,371,16,18,61.833333333333336,8.878706199460916,34.3125,23.1875,0.8888888888888888,114.0,30.727762803234505
VS Malik,268,212,6,13,35.333333333333336,7.584905660377358,44.666666666666664,35.333333333333336,0.46153846153846156,84.0,39.62264150943396
VS Yeligati,61,32,0,2,5.333333333333333,11.4375,61.0,32.0,0.0,6.0,18.75
VY Mahesh,511,359,22,17,59.833333333333336,8.540389972144846,23.227272727272727,16.318181818181817,1.2941176470588236,120.0,33.42618384401114
Vijaykumar Vyshak,396,243,17,11,40.5,9.777777777777779,23.294117647058822,14.294117647058824,1.5454545454545454,63.0,25.925925925925924
Vivrant Sharma,37,21,0,2,3.5,10.571428571428571,37.0,21.0,0.0,5.0,23.809523809523807
WA Mota,98,75,4,7,12.5,7.84,24.5,18.75,0.5714285714285714,24.0,32.0
WD Parnell,968,758,40,33,126.33333333333333,7.6622691292875995,24.2,18.95,1.2121212121212122,296.0,39.050131926121374
WG Jacks,100,55,2,5,9.166666666666666,10.90909090909091,50.0,27.5,0.4,11.0,20.0
WPUJC Vaas,364,288,22,13,48.0,7.583333333333333,16.545454545454547,13.090909090909092,1.6923076923076923,128.0,44.44444444444444
Washington Sundar,1335,1064,39,58,177.33333333333334,7.5281954887218046,34.23076923076923,27.28205128205128,0.6724137931034483,356.0,33.45864661654135
Y Gnaneswara Rao,7,6,0,1,1.0,7.0,7.0,6.0,0.0,3.0,50.0
Y Nagar,125,72,4,8,12.0,10.416666666666666,31.25,18.0,0.5,16.0,22.22222222222222
Y Prithvi Raj,57,33,1,2,5.5,10.363636363636363,57.0,33.0,0.5,8.0,24.242424242424242
Y Venugopal Rao,338,222,7,20,37.0,9.135135135135135,48.285714285714285,31.714285714285715,0.35,59.0,26.576576576576578
YA Abdulla,311,222,15,11,37.0,8.405405405405405,20.733333333333334,14.8,1.3636363636363635,88.0,39.63963963963964
YBK Jaiswal,6,1,0,1,0.16666666666666666,36.0,6.0,1.0,0.0,,
YK Pathan,1443,1184,46,82,197.33333333333334,7.3125,31.369565217391305,25.73913043478261,0.5609756097560976,393.0,33.192567567567565
YS Chahal,4681,3628,213,159,604.6666666666666,7.741455347298787,21.976525821596244,17.03286384976526,1.3396226415094339,1194.0,32.91069459757442
Yash Dayal,933,615,31,28,102.5,9.102439024390243,30.096774193548388,19.838709677419356,1.1071428571428572,216.0,35.12195121951219
Yash Thakur,702,432,27,19,72.0,9.75,26.0,16.0,1.4210526315789473,128.0,29.629629629629626
Yudhvir Singh,125,74,4,5,12.333333333333334,10.135135135135135,31.25,18.5,0.8,28.0,37.83783783783784
Yuvraj Singh,1091,882,39,73,147.0,7.421768707482993,27.974358974358974,22.615384615384617,0.5342465753424658,258.0,29.25170068027211
Z Khan,2860,2276,119,99,379.3333333333333,7.539543057996485,24.03361344537815,19.126050420168067,1.202020202020202,873.0,38.35676625659051
